id,conversation_id,created_at,date,time,timezone,user_id,username,name,place,tweet,mentions,urls,photos,replies_count,retweets_count,likes_count,hashtags,cashtags,link,retweet,quote_url,video,near,geo,source,user_rt_id,user_rt,retweet_id,reply_to,retweet_date,translate,trans_src,trans_dest
1273270863773732867,1273270863773732867,1592406404000,2020-06-17,08:06:44,PDT,1945979065,oneindiabengali,Oneindia Bengali,,"‡¶≤‡¶ï‡¶°‡¶æ‡¶â‡¶®‡ßá‡¶∞ ‡¶™‡¶∞ ‡¶¶‡ßá‡¶∂‡ßá ‡ß™‡ß´ ‡¶∂‡¶§‡¶æ‡¶Ç‡¶∂ ‡¶ï‡¶∞‡ßã‡¶®‡¶æ ‡¶Ü‡¶ï‡ßç‡¶∞‡¶æ‡¶®‡ßç‡¶§ ‡¶¨‡ßá‡¶°‡¶º‡ßá‡¶õ‡ßá
#Unlock1 #india #coronavirus #increase #kolkata
 https://bit.ly/2YXOMAP¬†",[],['https://bit.ly/2YXOMAP'],[],0,0,0,"['#unlock1', '#india', '#coronavirus', '#increase', '#kolkata']",[],https://twitter.com/OneindiaBengali/status/1273270863773732867,False,,0,,,,,,,"[{'user_id': '1945979065', 'username': 'OneindiaBengali'}]",,,,
1273254543640244234,1273254133097566209,1592402513000,2020-06-17,07:01:53,PDT,54894351,monideepa62,Monideepa Banerjie,,"BENGAL COVID ALERT 17/6
New case 391
Active case 5,261
Total case 12,300
Death 11
Total death 506
Samples tested 9,222
Total tests 3,60,976
DISTRICTWISE NEW CASES
Kolkata 142
Howrah 73
N 24 Parganas 46
Alipurduar 28
S 24 Parganas 23
#BengalFightsCorona #COVID19India #Unlock1",[],[],[],0,1,12,"['#bengalfightscorona', '#covid19india', '#unlock1']",[],https://twitter.com/Monideepa62/status/1273254543640244234,False,,0,,,,,,,"[{'user_id': '54894351', 'username': 'Monideepa62'}]",,,,
1273254133097566209,1273254133097566209,1592402415000,2020-06-17,07:00:15,PDT,54894351,monideepa62,Monideepa Banerjie,,"BENGAL COVID ALERT 17/6
* Total deaths 506 with 11 in 24 hrs 
* 505 patients discharged in 24 hrs 
* Total cases discharged is 6,533
* Discharge rate is 53.11%
* 143 cases in Kolkata in 24 hrs
* Of 11 deaths, 7 are in Kolkata
#BengalFightsCorona #COVID19India #Unlock1",[],[],[],2,4,17,"['#bengalfightscorona', '#covid19india', '#unlock1']",[],https://twitter.com/Monideepa62/status/1273254133097566209,False,,0,,,,,,,"[{'user_id': '54894351', 'username': 'Monideepa62'}]",,,,
1273157287851569160,1273157287851569160,1592379326000,2020-06-17,00:35:26,PDT,1242185586527494144,bycs_kolkata,"'Bicycle Mayor' of Kolkata, India - Satanjib Gupta",,"#Cycling ensures #SocialDistanacing during #Unlock1 

Pls cater to the masses by prioritising #bicycle movement in #Kolkata 

Pop-up cycle lanes in the Arterial Roads are the need of the hour. This could be the cornerstone of our #futureofmobility too. pic.twitter.com/BhGvtnzQOy",[],[],['https://pbs.twimg.com/media/EasoSqHWAAEnhAD.jpg'],1,3,10,"['#cycling', '#socialdistanacing', '#unlock1', '#bicycle', '#kolkata', '#futureofmobility']",[],https://twitter.com/BYCS_Kolkata/status/1273157287851569160,False,,0,,,,,,,"[{'user_id': '1242185586527494144', 'username': 'BYCS_Kolkata'}]",,,,
1273125722681487362,1273125722681487362,1592371800000,2020-06-16,22:30:00,PDT,1652537276,calcutta_times,Calcutta Times,,"City restaurants struggle to stay afloat post #Unlock1 
.
.
.
.
#unlockdiaries #kolkata  pic.twitter.com/LFVWLAOJ8x",[],[],['https://pbs.twimg.com/media/Eap6WaYXYAAnf54.jpg'],0,2,6,"['#unlock1', '#unlockdiaries', '#kolkata']",[],https://twitter.com/Calcutta_Times/status/1273125722681487362,False,,0,,,,,,,"[{'user_id': '1652537276', 'username': 'Calcutta_Times'}]",,,,
1272893769394896896,1272893769394896896,1592316498000,2020-06-16,07:08:18,PDT,54894351,monideepa62,Monideepa Banerjie,,"BENGAL COVID ALERT 16/6

New case 415
Active case 5368
Total case 11,909

Death 10
Total death 495

Samples tested 8,512
Total tests 3,51,754

DISTRICTWISE NEW CASES
Kolkata 170
N 24 Parganas 70
Howrah 40
S 24 Parganas 31 
Cooch Behar 18
#BengalFightsCorona #Unlock1",[],[],[],3,1,22,"['#bengalfightscorona', '#unlock1']",[],https://twitter.com/Monideepa62/status/1272893769394896896,False,,0,,,,,,,"[{'user_id': '54894351', 'username': 'Monideepa62'}]",,,,
1272823587334836225,1272823587334836225,1592299765000,2020-06-16,02:29:25,PDT,104473820,payalmehta100,Payal Mehta/‡™™‡™æ‡™Ø‡™≤ ‡™Æ‡´á‡™π‡™§‡™æ/ ‡§™‡§æ‡§Ø‡§≤ ‡§Æ‡•á‡§π‡§§‡§æ/   ‡¶™‡¶æ‡¶Ø‡ßá‡¶≤ ‡¶Æ‡ßá‡¶π‡¶§‡¶æ,,"First time out in the city since nearly 3months...This is #Kolkata busy #ChandniChowkMarket
#RIP #SocialDistancing #BusinessAsUsual #Unlock1  pic.twitter.com/mkhdDPunze",[],[],[],0,0,11,"['#kolkata', '#chandnichowkmarket', '#rip', '#socialdistancing', '#businessasusual', '#unlock1']",[],https://twitter.com/payalmehta100/status/1272823587334836225,False,,1,,,,,,,"[{'user_id': '104473820', 'username': 'payalmehta100'}]",,,,
1272812145051348998,1272812145051348998,1592297037000,2020-06-16,01:43:57,PDT,1187937546006777858,rivusourav,Rivu Sourav Banerjee,,"Riding an Empty #bus in #kolkata over #ballybridge yesterday during #unlock1 in #kolkatacity .. it was really a scary #busride and situation outside during this #coronavirusoutbreak 
.
#shotoniphone #shotbyme‚Ä¶  https://www.instagram.com/p/CBfVz-0Axl_/?igshid=rrg4r7gzzt88¬†‚Ä¶",[],['https://www.instagram.com/p/CBfVz-0Axl_/?igshid=rrg4r7gzzt88'],[],0,0,0,"['#bus', '#kolkata', '#ballybridge', '#unlock1', '#kolkatacity', '#busride', '#coronavirusoutbreak', '#shotoniphone', '#shotbyme']",[],https://twitter.com/RivuSourav/status/1272812145051348998,False,,0,,,,,,,"[{'user_id': '1187937546006777858', 'username': 'RivuSourav'}]",,,,
1272602618854903808,1272602618854903808,1592247082000,2020-06-15,11:51:22,PDT,1224636095016554496,bulletinhours,Bulletin Hours,,"Nearly 52% of Kolkata residents favour total lockdown for another month, says survey. Delhi, Chennai & Mumbai residents have also asked for a complete shutdown
#Kolkata
#lockdownextension
#Unlock1
#IndiaFightsCoronavirus https://bulletinhours.com/nearly-52-of-kolkata-residents-favour-total-lockdown-for-another-month-says-survey¬†‚Ä¶",[],['https://bulletinhours.com/nearly-52-of-kolkata-residents-favour-total-lockdown-for-another-month-says-survey'],[],0,0,0,"['#kolkata', '#lockdownextension', '#unlock1', '#indiafightscoronavirus']",[],https://twitter.com/BulletinHours/status/1272602618854903808,False,,0,,,,,,,"[{'user_id': '1224636095016554496', 'username': 'BulletinHours'}]",,,,
1272496951062380544,1272496951062380544,1592221889000,2020-06-15,04:51:29,PDT,163139773,bharatj82,Bharat jhunjhunwala üáÆüá≥,,"The way this #Unlock1 is shaping up #kolkata get ready for a shocker in coming days. We will be in top 3....

#COVIDIDIOTS
#covidindia
#CoronaUpdatesInIndia
@DrHVoffice
@MoHFW_INDIA","['drhvoffice', 'mohfw_india']",[],[],1,1,9,"['#unlock1', '#kolkata', '#covididiots', '#covidindia', '#coronaupdatesinindia']",[],https://twitter.com/BharatJ82/status/1272496951062380544,False,,0,,,,,,,"[{'user_id': '163139773', 'username': 'BharatJ82'}, {'user_id': '1095663245925376001', 'username': 'DrHVoffice'}, {'user_id': '2596143056', 'username': 'MoHFW_INDIA'}]",,,,
1272382274206457858,1272382274206457858,1592194548000,2020-06-14,21:15:48,PDT,819130177,ei_samay,Ei Samay,,"‡¶∞‡¶æ‡¶ú‡ßç‡¶Ø‡ßá‡¶∞ ‡¶Æ‡¶ß‡ßç‡¶Ø‡ßá ‡¶ï‡¶≤‡¶ï‡¶æ‡¶§‡¶æ‡¶Ø‡¶º ‡¶ï‡¶∞‡ßã‡¶®‡¶æ‡¶Ø‡¶º ‡¶Æ‡ßÉ‡¶§‡ßá‡¶∞ ‡¶∏‡¶Ç‡¶ñ‡ßç‡¶Ø‡¶æ‡¶ì ‡¶∏‡¶∞‡ßç‡¶¨‡¶æ‡¶ß‡¶ø‡¶ï‡•§ ‡¶è‡¶ñ‡¶®‡¶ì ‡¶™‡¶∞‡ßç‡¶Ø‡¶®‡ßç‡¶§ ‡¶Æ‡ßã‡¶ü ‡ß®‡ßØ‡ß© ‡¶ú‡¶®‡ßá‡¶∞ ‡¶Æ‡ßÉ‡¶§‡ßç‡¶Ø‡ßÅ ‡¶π‡¶Ø‡¶º‡ßá‡¶õ‡ßá...
#COVID19 #WestBengal #CoronavirusUpdate #Kolkata #Unlock1 #RealNews #EiSamay https://eisamay.indiatimes.com/west-bengal-news/others/coronavirus-covid-19-disease-deaths-in-west-bengal-kolkata-howrah-hooghly-live-updates/articleshow/76378150.cms¬†‚Ä¶",[],['https://eisamay.indiatimes.com/west-bengal-news/others/coronavirus-covid-19-disease-deaths-in-west-bengal-kolkata-howrah-hooghly-live-updates/articleshow/76378150.cms'],[],0,1,19,"['#covid19', '#westbengal', '#coronavirusupdate', '#kolkata', '#unlock1', '#realnews', '#eisamay']",[],https://twitter.com/Ei_Samay/status/1272382274206457858,False,,0,,,,,,,"[{'user_id': '819130177', 'username': 'Ei_Samay'}]",,,,
1272211483854811138,1272211483854811138,1592153828000,2020-06-14,09:57:08,PDT,2351739758,kls_rt,Ritam Talukdar,,"Quarantine
#21dayslockdown
#21dayslockdownindia
#lockdown3
#unlock1
Kolkata, 2020
. . . .
. . . 
#covid_19 #covid19india #covid19kolkata #corona #covidart #covidartexhibit #coronaindia #artquarantined‚Ä¶  https://www.instagram.com/p/CBbEqZYDZkN/?igshid=fgga1bbljwv8¬†‚Ä¶",[],['https://www.instagram.com/p/CBbEqZYDZkN/?igshid=fgga1bbljwv8'],[],0,0,0,"['#21dayslockdown', '#21dayslockdownindia', '#lockdown3', '#unlock1', '#covid_19', '#covid19india', '#covid19kolkata', '#corona', '#covidart', '#covidartexhibit', '#coronaindia', '#artquarantined']",[],https://twitter.com/kls_rt/status/1272211483854811138,False,,0,,,,,,,"[{'user_id': '2351739758', 'username': 'kls_rt'}]",,,,
1271993756367990784,1271993756367990784,1592101918000,2020-06-13,19:31:58,PDT,772693965627797504,toikolkata,TOI Kolkata,,"If you are missing the TOI's print edition, click here to read the TOI epaper and your city edition 

 https://epaper.timesgroup.com/Olive/ODN/TimesOfIndia/#¬†‚Ä¶
#Unlock1
#CautionYesPanicNo #CoronavirusOutbreak pic.twitter.com/XHeoz691TH",[],['https://epaper.timesgroup.com/Olive/ODN/TimesOfIndia/#'],['https://pbs.twimg.com/media/EacHkveUMAIlb8F.png'],0,0,0,"['#unlock1', '#cautionyespanicno', '#coronavirusoutbreak']",[],https://twitter.com/TOIKolkata/status/1271993756367990784,False,,0,,,,,,,"[{'user_id': '772693965627797504', 'username': 'TOIKolkata'}]",,,,
1271818525389144066,1271818525389144066,1592060140000,2020-06-13,07:55:40,PDT,54894351,monideepa62,Monideepa Banerjie,,"BENGAL COVID ALERT 13/6
New case 454
Active case 5693
Total case 10,698
Death 12
Total death 463
Samples tested 9008
Total tests 3,24,707
DISTRICTWISE NEW CASES
Kolkata 158
N 24 Parganas 69
Howrah 62
West Medinipur 49
S 24 Parganas 28
#BengalFightsCorona #COVID2019india
#Unlock1",[],[],[],0,4,20,"['#bengalfightscorona', '#covid2019india', '#unlock1']",[],https://twitter.com/Monideepa62/status/1271818525389144066,False,,0,,,,,,,"[{'user_id': '54894351', 'username': 'Monideepa62'}]",,,,
1271799621958791173,1271799621958791173,1592055633000,2020-06-13,06:40:33,PDT,1453758127,aniketdas1186,NamasteBharat,,"GD BIRLA school, #KOLKATA is facing heat from parents w.r.t increase in school fees, even certain private schools seeing the same across the state #WestBengal . 

I think now state education minister should act fast.

#Unlock1 #COVID19 #coronavirus",[],[],[],0,0,0,"['#kolkata', '#westbengal', '#unlock1', '#covid19', '#coronavirus']",[],https://twitter.com/aniketdas1186/status/1271799621958791173,False,,0,,,,,,,"[{'user_id': '1453758127', 'username': 'aniketdas1186'}]",,,,
1271668625934446592,1271668625934446592,1592024401000,2020-06-12,22:00:01,PDT,819130177,ei_samay,Ei Samay,,"‡¶∞‡¶æ‡¶ú‡ßç‡¶Ø‡ßá‡¶∞ ‡¶Æ‡ßÉ‡¶§‡ßç‡¶Ø‡ßÅ‡¶∞ ‡¶π‡¶æ‡¶∞ ‡¶¶‡ßá‡¶∂‡ßá‡¶∞ ‡¶§‡ßÅ‡¶≤‡¶®‡¶æ‡¶Ø‡¶º ‡¶¨‡ßá‡¶∂‡¶ø ‡¶π‡¶≤‡ßá‡¶ì ‡¶Æ‡ßÉ‡¶§‡ßç‡¶Ø‡ßÅ‡¶∞ ‡¶∏‡¶Ç‡¶ñ‡ßç‡¶Ø‡¶æ‡¶∞ ‡¶≠‡¶æ‡¶∞‡¶∏‡¶æ‡¶Æ‡ßç‡¶Ø ‡¶•‡¶æ‡¶ï‡¶æ‡¶ü‡¶æ‡¶ì ‡¶ï‡¶ø‡¶õ‡ßÅ‡¶ü‡¶æ ‡¶∏‡ßç‡¶¨‡¶∏‡ßç‡¶§‡¶ø‡¶∞‡¶á ‡¶¨‡¶≤‡ßá ‡¶Æ‡¶®‡ßá ‡¶ï‡¶∞‡¶õ‡ßá‡¶® ‡¶ö‡¶ø‡¶ï‡¶ø‡ßé‡¶∏‡¶ï ‡¶¶‡ßÄ‡¶™‡ßç‡¶§‡ßá‡¶®‡ßç‡¶¶‡ßç‡¶∞ ‡¶∏‡¶∞‡¶ï‡¶æ‡¶∞ ....
#Coronavirus #WestBengal #Unlock1 #Kolkata #COVID19inIndia #CautionYesPanicNo #RealNews #EiSamay https://eisamay.indiatimes.com/west-bengal-news/others/coronavirus-cases-disease-deaths-in-west-bengal-kolkata-howrah-hooghly-live-updates/articleshow/76350961.cms¬†‚Ä¶",[],['https://eisamay.indiatimes.com/west-bengal-news/others/coronavirus-cases-disease-deaths-in-west-bengal-kolkata-howrah-hooghly-live-updates/articleshow/76350961.cms'],[],0,0,1,"['#coronavirus', '#westbengal', '#unlock1', '#kolkata', '#covid19inindia', '#cautionyespanicno', '#realnews', '#eisamay']",[],https://twitter.com/Ei_Samay/status/1271668625934446592,False,,0,,,,,,,"[{'user_id': '819130177', 'username': 'Ei_Samay'}]",,,,
1271639230310039552,1271639230310039552,1592017393000,2020-06-12,20:03:13,PDT,772693965627797504,toikolkata,TOI Kolkata,,"If you are missing the TOI's print edition, click here to read the TOI epaper and your city edition 

 https://epaper.timesgroup.com/Olive/ODN/TimesOfIndia/#¬†‚Ä¶
#Unlock1
#CautionYesPanicNo #CoronavirusOutbreak pic.twitter.com/QKO0TAakM7",[],['https://epaper.timesgroup.com/Olive/ODN/TimesOfIndia/#'],['https://pbs.twimg.com/media/EaXFIsKUMAIw7Xu.png'],0,1,2,"['#unlock1', '#cautionyespanicno', '#coronavirusoutbreak']",[],https://twitter.com/TOIKolkata/status/1271639230310039552,False,,0,,,,,,,"[{'user_id': '772693965627797504', 'username': 'TOIKolkata'}]",,,,
1271398013810794496,1271398013810794496,1591959882000,2020-06-12,04:04:42,PDT,594676291,abpanandatv,ABP Ananda,,"#Unlock1 #Kolkata #buses 
‡¶Ø‡¶æ‡¶§‡ßç‡¶∞‡ßÄ ‡¶¶‡ßÅ‡¶∞‡ßç‡¶≠‡ßã‡¶ó ‡¶ï‡¶Æ‡¶æ‡¶§‡ßá ‡¶∏‡ßã‡¶Æ‡¶¨‡¶æ‡¶∞ ‡¶∞‡¶æ‡¶∏‡ßç‡¶§‡¶æ‡¶Ø‡¶º ‡ß®‡ß¶‡ß¶ ‡¶®‡¶§‡ßÅ‡¶® ‡¶è‡¶∏‡¶ø ‡¶¨‡¶æ‡¶∏, ‡¶∏‡¶ô‡ßç‡¶ó‡ßá ‡¶è‡¶∏‡¶¨‡¶ø‡¶è‡¶∏‡¶ü‡¶ø‡¶∏‡¶ø-‡¶∞ ‡¶Ü‡¶∞‡¶ì ‡ß®‡ß¶‡ß¶ ‡¶∏‡¶æ‡¶ß‡¶æ‡¶∞‡¶£ ‡¶¨‡¶æ‡¶∏‡¶ì https://bengali.abplive.com/news/calcutta/unlock-one-kolkata-400-more-buses-to-ply-from-monday-704191¬†‚Ä¶",[],['https://bengali.abplive.com/news/calcutta/unlock-one-kolkata-400-more-buses-to-ply-from-monday-704191'],[],0,0,18,"['#unlock1', '#kolkata', '#buses']",[],https://twitter.com/abpanandatv/status/1271398013810794496,False,,0,,,,,,,"[{'user_id': '594676291', 'username': 'abpanandatv'}]",,,,
1271314519533342720,1271314519533342720,1591939975000,2020-06-11,22:32:55,PDT,797786062739357696,bluetreelakes,BlueTreeLakes,,"What is #HomeQuarantine üëá
#Mumbai #Delhi #Lucknow
#Chennai #Bengaluru #Indore
#India #Rajasthan #haryana
#Indians #lockdownindia üîí
#Unlock1 #Modi #Mumbaikar
#Pune #TamilNadu #Jaipur
#Kolkata #UP #Ahmedabad
#Gujarat #Maharashtra #thane #Indian #chembur #navimumbai #Gurgaon pic.twitter.com/hTFHSL5FlN",[],[],"['https://pbs.twimg.com/media/EaSdxZaUcAgHK-O.jpg', 'https://pbs.twimg.com/media/EaSdzecU4AEBlYH.jpg', 'https://pbs.twimg.com/media/EaSd0OoUYAING_9.jpg']",0,0,0,"['#homequarantine', '#mumbai', '#delhi', '#lucknow', '#chennai', '#bengaluru', '#indore', '#india', '#rajasthan', '#haryana', '#indians', '#lockdownindia', '#unlock1', '#modi', '#mumbaikar', '#pune', '#tamilnadu', '#jaipur', '#kolkata', '#up', '#ahmedabad', '#gujarat', '#maharashtra', '#thane', '#indian', '#chembur', '#navimumbai', '#gurgaon']",[],https://twitter.com/bluetreelakes/status/1271314519533342720,False,,0,,,,,,,"[{'user_id': '797786062739357696', 'username': 'bluetreelakes'}]",,,,
1271299598217142273,1271299598217142273,1591936418000,2020-06-11,21:33:38,PDT,93442359,nilagrib,Nilagrib Mondal.,,The Monsoon rain started in Kolkata and @Uber increased their rate by 2X...This is nothing but to minting money by exploring the helpless of the people in difficult time. Does rain increases your operation cost @UberINSupport . #Unlock1,"['uber', 'uberinsupport']",[],[],1,0,0,['#unlock1'],[],https://twitter.com/nilagrib/status/1271299598217142273,False,,0,,,,,,,"[{'user_id': '93442359', 'username': 'nilagrib'}, {'user_id': '19103481', 'username': 'Uber'}, {'user_id': '794125504357900289', 'username': 'UberINSupport'}]",,,,
1271153778649993217,1271153778649993217,1591901652000,2020-06-11,11:54:12,PDT,3382726505,tanmoydeyoffice,Tanmoy Dey,,"@PMOIndia I request the concerned authorities to run the Suburban Local Trains in Kolkata soon as all the offices are now open with more than 70% staff attendance in #Unlock1 . It is costlier to attend the office via different mode of transport.
@RailMinIndia @narendramodi","['pmoindia', 'railminindia', 'narendramodi']",[],[],0,0,0,['#unlock1'],[],https://twitter.com/TanmoyDeyOffice/status/1271153778649993217,False,,0,,,,,,,"[{'user_id': '3382726505', 'username': 'TanmoyDeyOffice'}, {'user_id': '471741741', 'username': 'PMOIndia'}, {'user_id': '2602959463', 'username': 'RailMinIndia'}, {'user_id': '18839785', 'username': 'narendramodi'}]",,,,
1271145642660777984,1271145642660777984,1591899712000,2020-06-11,11:21:52,PDT,54894351,monideepa62,Monideepa Banerjie,,"BENGAL COVID440 ALERT 11/6
New case 440
Active case 5338
Total case 9768
Death 10
Total death 442
Samples tested 9522
Total tests3,06941
DISTRICT-WISE NEW CASES 
Kolkata 117
North 24 Parganas 67
Howrah 44
Darjeeling 41
Jalpaiguri 34
#BengalFightsCorona
#COVID19India #Unlock1",[],[],[],0,3,16,"['#bengalfightscorona', '#covid19india', '#unlock1']",[],https://twitter.com/Monideepa62/status/1271145642660777984,False,,0,,,,,,,"[{'user_id': '54894351', 'username': 'Monideepa62'}]",,,,
1271070000174911488,1271070000174911488,1591881678000,2020-06-11,06:21:18,PDT,1343413290,jimm_ray,Jimmy Ray,,This pic from Kolkata tells the story of #Unlock1 in some metros. Who says there is an epidemic going on?  pic.twitter.com/1Lgdxf0tYo,[],[],['https://pbs.twimg.com/media/EaO_bIaVAAUJ-xW.jpg'],0,0,0,['#unlock1'],[],https://twitter.com/jimm_ray/status/1271070000174911488,False,,0,,,,,,,"[{'user_id': '1343413290', 'username': 'jimm_ray'}]",,,,
1271048041693245441,1271048041693245441,1591876442000,2020-06-11,04:54:02,PDT,1231822895749316608,i24x7news,i24x7 news,,"‡§ï‡•ã‡§≤‡§ï‡§æ‡§§‡§æ ‡§Æ‡•á‡§Ç ‡§´‡§ø‡§≤‡•ç‡§Æ ‡§µ ‡§ü‡•á‡§≤‡•Ä‡§µ‡§ø‡§ú‡§® ‡§á‡§Ç‡§°‡§∏‡•ç‡§ü‡•ç‡§∞‡•Ä ‡§ï‡•á ‡§≤‡§ø‡§è ‡§∂‡•Ç‡§ü‡§ø‡§Ç‡§ó ‡§Ü‡§ú ‡§∏‡•á ‡§∂‡•Å‡§∞‡•Ç
#Unlock1 #Kolkata",[],[],[],0,0,2,"['#unlock1', '#kolkata']",[],https://twitter.com/I24x7News/status/1271048041693245441,False,,0,,,,,,,"[{'user_id': '1231822895749316608', 'username': 'I24x7News'}]",,,,
1270963059062829057,1270963059062829057,1591856181000,2020-06-10,23:16:21,PDT,1387141308,razekkar,Colonel „ÉÑ,,"@RahulGandhi Can you explain what are the new #socialdistancing norms once #Unlock1 is on.
It scares us.
Pet ki aag bujhane baahar nikalein, ya tohfe mein #CORONA ghar le aayein...State of choices with public.
#publictransport kills
#kolkata #UnlockingUs
#acchedin #DidiKeBolo pic.twitter.com/deJItWVySI",['rahulgandhi'],[],[],0,0,0,"['#socialdistancing', '#unlock1', '#corona', '#publictransport', '#kolkata', '#unlockingus', '#acchedin', '#didikebolo']",[],https://twitter.com/razekkar/status/1270963059062829057,False,,1,,,,,,,"[{'user_id': '1387141308', 'username': 'razekkar'}, {'user_id': '3171712086', 'username': 'RahulGandhi'}]",,,,
1270901909730123776,1270901909730123776,1591841602000,2020-06-10,19:13:22,PDT,772693965627797504,toikolkata,TOI Kolkata,,"If you are missing the TOI's print edition in the #lockdown , click here to read the TOI epaper and your city edition  https://epaper.timesgroup.com/Olive/ODN/TimesOfIndia/#¬†‚Ä¶ #KolkataFightsCorona #Unlock1 #CautionYesPanicNo #CoronavirusOutbreak pic.twitter.com/oN0XCLf8Ap",[],['https://epaper.timesgroup.com/Olive/ODN/TimesOfIndia/#'],['https://pbs.twimg.com/media/EaMmh5mU8AECMaE.png'],0,0,1,"['#lockdown', '#kolkatafightscorona', '#unlock1', '#cautionyespanicno', '#coronavirusoutbreak']",[],https://twitter.com/TOIKolkata/status/1270901909730123776,False,,0,,,,,,,"[{'user_id': '772693965627797504', 'username': 'TOIKolkata'}]",,,,
1270786904573669383,1270786904573669383,1591814182000,2020-06-10,11:36:22,PDT,569830920,manitofficial,Manit Singh,,"PM Shri @narendramodi to address 
Kolkata's Indian Chamber of Commerce (ICC) on Thursday at 11am. Business Community all set to listen to PM's second major address on economy after Unlock 1. @PMOIndia via @TRTINDIA
#NarendraModi #DigitalIndia #MSMEs #economy #Unlock1 #Growth https://twitter.com/TRTINDIA/status/1270326895222161408¬†‚Ä¶","['narendramodi', 'pmoindia', 'trtindia']",['https://twitter.com/TRTINDIA/status/1270326895222161408'],[],0,0,0,"['#narendramodi', '#digitalindia', '#msmes', '#economy', '#unlock1', '#growth']",[],https://twitter.com/ManitOfficial/status/1270786904573669383,False,https://twitter.com/TRTINDIA/status/1270326895222161408,0,,,,,,,"[{'user_id': '569830920', 'username': 'ManitOfficial'}, {'user_id': '18839785', 'username': 'narendramodi'}, {'user_id': '471741741', 'username': 'PMOIndia'}, {'user_id': '1256193889955909633', 'username': 'TRTINDIA'}]",,,,
1270756221830795274,1270756221830795274,1591806867000,2020-06-10,09:34:27,PDT,917371617126133760,meghakejriwal19,Megha Kejriwal,,"#Kolkata: New Market totally sealed today after multiple detections of #COVID__19 positive cases. 

#Unlock1  pic.twitter.com/toYEt5uKZc",[],[],[],1,0,2,"['#kolkata', '#covid__19', '#unlock1']",[],https://twitter.com/MeghaKejriwal19/status/1270756221830795274,False,,1,,,,,,,"[{'user_id': '917371617126133760', 'username': 'MeghaKejriwal19'}]",,,,
1270728741493379074,1270728741493379074,1591800315000,2020-06-10,07:45:15,PDT,17830429,sakaltimes,Sakal Times,,"Unlock 1.0: Air quality witnessing a dip in Kolkata. The average PM 10 remained at 48 in the city on June 8 and June 9.

 http://www.sakaltimes.com¬†
#Sakal #SakalTimes #SakalNews #viral #news #ViralNews #breaking #Airquality #Kolkata #City #Pollution #Unlock1.0 #Air #ClimateCrisis pic.twitter.com/p8Ar8B3OHT",[],['http://www.sakaltimes.com'],['https://pbs.twimg.com/media/EaKJDntWkAUGaKf.jpg'],0,0,0,"['#sakal', '#sakaltimes', '#sakalnews', '#viral', '#news', '#viralnews', '#breaking', '#airquality', '#kolkata', '#city', '#pollution', '#unlock1', '#air', '#climatecrisis']",[],https://twitter.com/sakaltimes/status/1270728741493379074,False,,0,,,,,,,"[{'user_id': '17830429', 'username': 'sakaltimes'}]",,,,
1270728741136797696,1270728741136797696,1591800315000,2020-06-10,07:45:15,PDT,85306437,sakalmedianews,sakalmedia,,"Unlock 1.0: Air quality witnessing a dip in Kolkata. The average PM 10 remained at 48 in the city on June 8 and June 9.

 http://www.esakal.com¬†
#Sakal #SakalMedia #SakalNews #viral #news #ViralNews #breaking #Airquality #Kolkata #City #Pollution #Unlock1.0 #Air #ClimateCrisis pic.twitter.com/PxmbuaECeZ",[],['http://www.esakal.com'],['https://pbs.twimg.com/media/EaKJDlZXYAIVKEb.jpg'],0,1,1,"['#sakal', '#sakalmedia', '#sakalnews', '#viral', '#news', '#viralnews', '#breaking', '#airquality', '#kolkata', '#city', '#pollution', '#unlock1', '#air', '#climatecrisis']",[],https://twitter.com/SakalMediaNews/status/1270728741136797696,False,,0,,,,,,,"[{'user_id': '85306437', 'username': 'SakalMediaNews'}]",,,,
1270705555661713410,1270705555661713410,1591794787000,2020-06-10,06:13:07,PDT,1246102217494392834,wesearchlab,WB Kolkata COVID19 Tracker (WEsearch lab),,"UPDATED MAP!!

#containmentzones of #kolkata #howrah as on 10june

check the map
üëáüëáüëá
 https://bit.ly/3e1VDiA¬†
#coronavirus #bengal #westbengal #map #redzone #saltlake #Lockdown5 #Unlock1 #lockdown #hooghly #covid19 #CoronaVirusUpdates #CoronavirusPandemic pic.twitter.com/mcunL0DEAZ",[],['https://bit.ly/3e1VDiA'],['https://pbs.twimg.com/media/EaJwhtsU4AA_8kF.jpg'],1,1,0,"['#containmentzones', '#kolkata', '#howrah', '#coronavirus', '#bengal', '#westbengal', '#map', '#redzone', '#saltlake', '#lockdown5', '#unlock1', '#lockdown', '#hooghly', '#covid19', '#coronavirusupdates', '#coronaviruspandemic']",[],https://twitter.com/WEsearchlab/status/1270705555661713410,False,,0,,,,,,,"[{'user_id': '1246102217494392834', 'username': 'WEsearchlab'}]",,,,
1270605471712493568,1270605471712493568,1591770925000,2020-06-09,23:35:25,PDT,819130177,ei_samay,Ei Samay,,"‡¶¶‡ßÅ‚Äô‡¶¶‡¶ø‡¶® ‡¶Ü‡¶ó‡ßá ‡¶Æ‡¶®‡ßç‡¶§‡ßç‡¶∞‡ßÄ ‡¶Ö‡¶∞‡ßÇ‡¶™ ‡¶¨‡¶ø‡¶∂‡ßç‡¶¨‡¶æ‡¶∏‡ßá‡¶∞ ‡¶∏‡¶æ‡¶Æ‡¶®‡ßá ‡¶∏‡¶¨ ‡¶™‡¶ï‡ßç‡¶∑ ‡¶∂‡¶∞‡ßç‡¶§ ‡¶Æ‡ßá‡¶®‡ßá ‡¶¨‡ßÅ‡¶ß‡¶¨‡¶æ‡¶∞ ‡¶∂‡ßÅ‡¶ü‡¶ø‡¶Ç ‡¶∂‡ßÅ‡¶∞‡ßÅ ‡¶ï‡¶∞‡¶æ‡¶∞ ‡¶¨‡¶≤‡¶æ ‡¶π‡¶≤‡ßá‡¶ì ‡¶´‡ßã‡¶∞‡¶æ‡¶Æ ‡¶â‡¶≤‡ßç‡¶ü‡ßã‡¶™‡¶•‡ßá ‡¶π‡¶æ‡¶Å‡¶ü‡¶≤ ‡¶ï‡ßá‡¶®?
#TVSerials #Tollywood #Unlock1 #Kolkata @prosenjitbumba #Artists #RealNews #EiSamay https://eisamay.indiatimes.com/entertainment/tv-news/tv-serials-not-starting-from-wednesday-due-to-delay-in-insurance-paper/articleshow/76296420.cms¬†‚Ä¶",['prosenjitbumba'],['https://eisamay.indiatimes.com/entertainment/tv-news/tv-serials-not-starting-from-wednesday-due-to-delay-in-insurance-paper/articleshow/76296420.cms'],[],0,0,12,"['#tvserials', '#tollywood', '#unlock1', '#kolkata', '#artists', '#realnews', '#eisamay']",[],https://twitter.com/Ei_Samay/status/1270605471712493568,False,,0,,,,,,,"[{'user_id': '819130177', 'username': 'Ei_Samay'}, {'user_id': '172664717', 'username': 'prosenjitbumba'}]",,,,
1270551003629158400,1270551003629158400,1591757939000,2020-06-09,19:58:59,PDT,772693965627797504,toikolkata,TOI Kolkata,,"If you are missing the TOI's print edition, click here to read the TOI epaper and your city edition 

 https://epaper.timesgroup.com/Olive/ODN/TimesOfIndia/#¬†‚Ä¶
#Unlock1
#CautionYesPanicNo #CoronavirusOutbreak pic.twitter.com/0V5NXjTtPe",[],['https://epaper.timesgroup.com/Olive/ODN/TimesOfIndia/#'],['https://pbs.twimg.com/media/EaHnZDuUMAEgkxH.png'],0,0,0,"['#unlock1', '#cautionyespanicno', '#coronavirusoutbreak']",[],https://twitter.com/TOIKolkata/status/1270551003629158400,False,,0,,,,,,,"[{'user_id': '772693965627797504', 'username': 'TOIKolkata'}]",,,,
1270416649892462592,1270416649892462592,1591725907000,2020-06-09,11:05:07,PDT,772693965627797504,toikolkata,TOI Kolkata,,"#Unlock1: Masks are must for customers, say city restaurants  http://toi.in/hRWR2Y¬†",[],['http://toi.in/hRWR2Y'],[],0,0,2,['#unlock1'],[],https://twitter.com/TOIKolkata/status/1270416649892462592,False,,0,,,,,,,"[{'user_id': '772693965627797504', 'username': 'TOIKolkata'}]",,,,
1270401875032944641,1270401875032944641,1591722384000,2020-06-09,10:06:24,PDT,81334244,indiablooms,India Blooms,,"Kolkata‚Äôs popular Mughlai restaurant Aminia opens with 30 percent seating capacity | Indiablooms - First Portal on Digital News Management  https://www.indiablooms.com/life-details/L/5154/kolkata-rsquo-s-popular-mughlai-restaurant-aminia-opens-with-30-percent-seating-capacity.html¬†‚Ä¶ # Aminia, #Kolkata, #EatingOut, #Unlock1",[],['https://www.indiablooms.com/life-details/L/5154/kolkata-rsquo-s-popular-mughlai-restaurant-aminia-opens-with-30-percent-seating-capacity.html'],[],0,0,0,"['#kolkata', '#eatingout', '#unlock1']",[],https://twitter.com/indiablooms/status/1270401875032944641,False,,0,,,,,,,"[{'user_id': '81334244', 'username': 'indiablooms'}]",,,,
1270373135909629954,1270373135909629954,1591715532000,2020-06-09,08:12:12,PDT,54894351,monideepa62,Monideepa Banerjie,,"BENGAL COVID ALERT 9/6
New case 372
Active case 4950
Total case 8985
Death 10
Total death 415
Samples tested 7802
Total tests 2,87,900

District wise New Cases
Kolkata 132
Howrah 38
Birbhum 29
N 24 Parganas 28
S 24 Parganas 22
#BengalFightsCorona #COVID19India #Unlock1",[],[],[],3,6,28,"['#bengalfightscorona', '#covid19india', '#unlock1']",[],https://twitter.com/Monideepa62/status/1270373135909629954,False,,0,,,,,,,"[{'user_id': '54894351', 'username': 'Monideepa62'}]",,,,
1270371519345176577,1270371519345176577,1591715147000,2020-06-09,08:05:47,PDT,497605540,onlysiddhartha,Siddhartha Sankar Dutta,,This is Social Distancing of #Kolkata #Unlock1 @CovidIndiaSeva pic.twitter.com/v0A7tsNRdj,['covidindiaseva'],[],[],0,0,1,"['#kolkata', '#unlock1']",[],https://twitter.com/OnlySiddhartha/status/1270371519345176577,False,,1,,,,,,,"[{'user_id': '497605540', 'username': 'OnlySiddhartha'}, {'user_id': '1243227921726066688', 'username': 'CovidIndiaSeva'}]",,,,
1270303079867600896,1270303079867600896,1591698829000,2020-06-09,03:33:49,PDT,959977432555155457,sarang160499,Sarang Patil üáÆüá≥,,"Social distancing being strictly followed by People ...üëèüëå @MamataOfficial
#Kolkata #Mumbai #SocialDistancing #coronavirus #Unlock1 #tmc #SpeakUpDelhi pic.twitter.com/LoGSAYUtDD",['mamataofficial'],[],[],1,0,7,"['#kolkata', '#mumbai', '#socialdistancing', '#coronavirus', '#unlock1', '#tmc', '#speakupdelhi']",[],https://twitter.com/sarang160499/status/1270303079867600896,False,,1,,,,,,,"[{'user_id': '959977432555155457', 'username': 'sarang160499'}, {'user_id': '2526794479', 'username': 'MamataOfficial'}]",,,,
1270295998259134465,1270295998259134465,1591697141000,2020-06-09,03:05:41,PDT,333357874,mousharmistha,sharmistha biswas,,Sun kissed try to compromise with new normal #summervibes #unlock1 #mycity #mood @ Kolkata  https://www.instagram.com/p/CBNdmd_HyCpoDhMw5Hs5ECAef6Cy_q_vDi74NM0/?igshid=19o3pf7x588eo¬†‚Ä¶,[],['https://www.instagram.com/p/CBNdmd_HyCpoDhMw5Hs5ECAef6Cy_q_vDi74NM0/?igshid=19o3pf7x588eo'],[],0,0,1,"['#summervibes', '#unlock1', '#mycity', '#mood']",[],https://twitter.com/mousharmistha/status/1270295998259134465,False,,0,,,,,,,"[{'user_id': '333357874', 'username': 'mousharmistha'}]",,,,
1270295450206089216,1270295450206089216,1591697010000,2020-06-09,03:03:30,PDT,1269911949753516037,sundaytimesk,SundayTimes Kolkata,,"‡ß©‡ß¶‡¶∂‡ßá ‡¶ú‡ßÅ‡¶®‡ßá‡¶∞ ‡¶Ü‡¶ó‡ßá‡¶á ‡¶ö‡¶≤‡¶¨‡ßá ‡¶Æ‡ßá‡¶ü‡ßç‡¶∞‡ßã, ‡¶≤‡ßã‡¶ï‡¶æ‡¶≤ ‡¶ü‡ßç‡¶∞‡ßá‡¶® ?
 https://sundaytimeskolkata.com/%e0%a7%a9%e0%a7%a6%e0%a6%b6%e0%a7%87-%e0%a6%9c%e0%a7%81%e0%a6%a8%e0%a7%87%e0%a6%b0-%e0%a6%86%e0%a6%97%e0%a7%87%e0%a6%87-%e0%a6%9a%e0%a6%b2%e0%a6%ac%e0%a7%87-%e0%a6%ae%e0%a7%87%e0%a6%9f%e0%a7%8d/¬†‚Ä¶
#metro #rail #Unlock1 #MamataBanerjee #Kolkata #WestBengal pic.twitter.com/hBEB8mZMcO",[],['https://sundaytimeskolkata.com/%e0%a7%a9%e0%a7%a6%e0%a6%b6%e0%a7%87-%e0%a6%9c%e0%a7%81%e0%a6%a8%e0%a7%87%e0%a6%b0-%e0%a6%86%e0%a6%97%e0%a7%87%e0%a6%87-%e0%a6%9a%e0%a6%b2%e0%a6%ac%e0%a7%87-%e0%a6%ae%e0%a7%87%e0%a6%9f%e0%a7%8d/'],['https://pbs.twimg.com/media/EaD-uMkUMAEIlqq.png'],0,0,1,"['#metro', '#rail', '#unlock1', '#mamatabanerjee', '#kolkata', '#westbengal']",[],https://twitter.com/SundaytimesK/status/1270295450206089216,False,,0,,,,,,,"[{'user_id': '1269911949753516037', 'username': 'SundaytimesK'}]",,,,
1270291388073218049,1270291388073218049,1591696042000,2020-06-09,02:47:22,PDT,949607791433474048,statesmandainik,Dainik Statesman,,"‡¶∏‡ßã‡¶Æ‡¶¨‡¶æ‡¶∞ ‡¶•‡ßá‡¶ï‡ßá ‡¶Ü‡¶∞‡¶ì ‡¶¨‡ßá‡¶∂‡¶ø ‡¶ï‡¶∞‡ßá ‡¶∏‡¶ö‡¶≤ ‡¶π‡¶≤ #‡¶ï‡¶≤‡¶ï‡¶æ‡¶§‡¶æ‡•§ ‡¶∞‡¶æ‡¶∏‡ßç‡¶§‡¶æ‡¶Ø‡¶º ‡¶Ü‡¶∞‡¶ì ‡¶¨‡ßá‡¶∂‡¶ø ‡¶ï‡¶∞‡ßá ‡¶õ‡ßÅ‡¶ü‡ßá‡¶õ‡ßá ‡¶ó‡¶§‡¶ø‡¶Ø‡¶æ‡¶®‡•§ ‡¶∏‡¶∞‡¶ï‡¶æ‡¶∞‡¶ø ‡¶¨‡ßá‡¶∏‡¶∞‡¶ï‡¶æ‡¶∞‡¶ø ‡¶Ö‡¶´‡¶ø‡¶∏‡ßá ‡¶∏‡¶´‡¶≤ ‡¶π‡¶Ø‡¶º‡ßá‡¶õ‡ßá ‡¶∏‡¶§‡ßç‡¶§‡¶∞ ‡¶∂‡¶§‡¶æ‡¶Ç‡¶∂ ‡¶π‡¶æ‡¶ú‡¶ø‡¶∞‡¶æ‡¶∞ ‡¶´‡¶∞‡¶Æ‡¶æ‡¶®‡•§
#Kolkata #Unlock1 #CoronavirusPandemic #SocialDistancing https://www.dainikstatesmannews.com/bengal/with-cowardly-feet-the-city-moves-in-unfamiliar-rhythm/14890¬†‚Ä¶",[],['https://www.dainikstatesmannews.com/bengal/with-cowardly-feet-the-city-moves-in-unfamiliar-rhythm/14890'],[],0,0,0,"['#‡¶ï‡¶≤‡¶ï‡¶æ‡¶§‡¶æ', '#kolkata', '#unlock1', '#coronaviruspandemic', '#socialdistancing']",[],https://twitter.com/StatesmanDainik/status/1270291388073218049,False,,0,,,,,,,"[{'user_id': '949607791433474048', 'username': 'StatesmanDainik'}]",,,,
1270241718206676993,1270241718206676993,1591684200000,2020-06-08,23:30:00,PDT,1652537276,calcutta_times,Calcutta Times,,"Kebabs, cakes, sizzlers, selfies with masks, face shields ...
Intrepid Kolkatans warm up to the new normal!
.
.
.
#unlockdiaries #unlock1 #petercat #southcitymall #kolkata #nahoums #parkstreet pic.twitter.com/pcpS1UkuqI",[],[],['https://pbs.twimg.com/media/EaAtFbsUYAIkoPp.jpg'],0,0,6,"['#unlockdiaries', '#unlock1', '#petercat', '#southcitymall', '#kolkata', '#nahoums', '#parkstreet']",[],https://twitter.com/Calcutta_Times/status/1270241718206676993,False,,0,,,,,,,"[{'user_id': '1652537276', 'username': 'Calcutta_Times'}]",,,,
1270229654608252928,1270229654608252928,1591681324000,2020-06-08,22:42:04,PDT,819130177,ei_samay,Ei Samay,,"'‡¶≠‡¶æ‡¶¨‡¶§‡ßá ‡¶Ö‡¶¨‡¶ø‡¶∂‡ßç‡¶¨‡¶æ‡¶∏‡ßç‡¶Ø ‡¶≤‡¶æ‡¶ó‡¶õ‡ßá! ‡¶ï‡ßã‡¶®‡¶ì ‡¶∂‡¶™‡¶ø‡¶Ç ‡¶Æ‡¶≤‡ßá ‡¶¢‡ßÅ‡¶ï‡¶≤‡¶æ‡¶Æ ‡¶§‡¶ø‡¶® ‡¶Æ‡¶æ‡¶∏ ‡¶¨‡¶æ‡¶¶‡ßá‡•§'
@sohinisarkar01 #SouthcityMall #Kolkata #Unlock1 #COVID19 #RealNews #EiSamay https://eisamay.indiatimes.com/entertainment/cinema/actress-sohini-sarkar-went-to-south-city-mall-after-it-reopend/articleshow/76275567.cms¬†‚Ä¶",['sohinisarkar01'],['https://eisamay.indiatimes.com/entertainment/cinema/actress-sohini-sarkar-went-to-south-city-mall-after-it-reopend/articleshow/76275567.cms'],[],2,1,32,"['#southcitymall', '#kolkata', '#unlock1', '#covid19', '#realnews', '#eisamay']",[],https://twitter.com/Ei_Samay/status/1270229654608252928,False,,0,,,,,,,"[{'user_id': '819130177', 'username': 'Ei_Samay'}, {'user_id': '2389608068', 'username': 'sohinisarkar01'}]",,,,
1270227084430856193,1270227084430856193,1591680711000,2020-06-08,22:31:51,PDT,1194600437405474816,the_scrbblr,The Scrbblr,,"How Kolkata fared as malls, restaurants and temples reopened | The Scrbblr -  https://zcu.io/SMn2¬† #Kolkata #Unlock1",[],['https://zcu.io/SMn2'],[],0,0,0,"['#kolkata', '#unlock1']",[],https://twitter.com/the_scrbblr/status/1270227084430856193,False,,0,,,,,,,"[{'user_id': '1194600437405474816', 'username': 'the_scrbblr'}]",,,,
1270226619123339264,1270226619123339264,1591680600000,2020-06-08,22:30:00,PDT,1652537276,calcutta_times,Calcutta Times,,"First customer at #Nahoums post Unlock? Giovanna Caruso. She‚Äôs from Italy & visits Kolkata every year. This year, she‚Äôs stuck because of the lockdown. But there‚Äôs no homesickness a little cake can‚Äôt fix!
.
.
.
#unlockdiaries #Kolkata #NewMarket #Unlock1
 https://timesofindia.indiatimes.com/city/kolkata/unlockdiariesnahoums-welcomes-back-bakery-loyalists-with-almond-pastry-plum-cake-and-more/articleshow/76264586.cms¬†‚Ä¶",[],['https://timesofindia.indiatimes.com/city/kolkata/unlockdiariesnahoums-welcomes-back-bakery-loyalists-with-almond-pastry-plum-cake-and-more/articleshow/76264586.cms'],[],0,2,8,"['#nahoums', '#unlockdiaries', '#kolkata', '#newmarket', '#unlock1']",[],https://twitter.com/Calcutta_Times/status/1270226619123339264,False,,0,,,,,,,"[{'user_id': '1652537276', 'username': 'Calcutta_Times'}]",,,,
1270185914141077505,1270185914141077505,1591670895000,2020-06-08,19:48:15,PDT,19897138,indiatoday,IndiaToday,,"With #Unlock1, shopping malls have also reopened but with restrictions. Social distancing norms and enhance safety protocols have become the new normal.
(@manogyaloiwal)
#Kolkata #coronavirus https://www.indiatoday.in/india/story/unlock-1-0-shopping-malls-restaurants-temples-embrace-new-covid-reality-1686986-2020-06-09¬†‚Ä¶",['manogyaloiwal'],['https://www.indiatoday.in/india/story/unlock-1-0-shopping-malls-restaurants-temples-embrace-new-covid-reality-1686986-2020-06-09'],[],0,6,14,"['#unlock1', '#kolkata', '#coronavirus']",[],https://twitter.com/IndiaToday/status/1270185914141077505,False,,0,,,,,,,"[{'user_id': '19897138', 'username': 'IndiaToday'}, {'user_id': '128859412', 'username': 'manogyaloiwal'}]",,,,
1270135970168438784,1270135970168438784,1591658987000,2020-06-08,16:29:47,PDT,2365756207,ajaydaga05,‡§ÖJAY DAGA,,"This is the scene on 1st day after lockdown for office goers in Kolkata !
Social Distancing goes out of stadium !

 #Unlock1  pic.twitter.com/wOOmam9Njx",[],[],[],0,0,0,['#unlock1'],[],https://twitter.com/ajaydaga05/status/1270135970168438784,False,,1,,,,,,,"[{'user_id': '2365756207', 'username': 'ajaydaga05'}]",,,,
1270041884845469697,1270041884845469697,1591636556000,2020-06-08,10:15:56,PDT,987325061064544256,thewalltweets,The Wall,,"‡¶Ü‡¶ú, ‡ßÆ ‡¶ú‡ßÅ‡¶® ‡¶•‡ßá‡¶ï‡ßá ‡¶∂‡ßÅ‡¶∞‡ßÅ ‡¶π‡¶≤ ‡¶Ü‡¶®‡¶≤‡¶ï ‡¶´‡ßá‡¶ú ‡ßß‡•§ ‡¶™‡ßç‡¶∞‡¶æ‡¶Ø‡¶º ‡¶Ü‡¶°‡¶º‡¶æ‡¶á ‡¶Æ‡¶æ‡¶∏ ‡¶∏‡¶æ‡¶∞‡¶æ‡¶¶‡ßá‡¶∂ ‡¶Ö‡¶¨‡¶∞‡ßÅ‡¶¶‡ßç‡¶ß ‡¶•‡¶æ‡¶ï‡¶æ‡¶∞ ‡¶™‡¶∞‡ßá ‡¶Ü‡¶∏‡ßç‡¶§‡ßá ‡¶Ü‡¶∏‡ßç‡¶§‡ßá ‡¶∂‡¶ø‡¶•‡¶ø‡¶≤ ‡¶π‡¶§‡ßá ‡¶ö‡¶≤‡ßá‡¶õ‡ßá ‡¶≤‡¶ï‡¶°‡¶æ‡¶â‡¶® ‡¶¶‡¶∂‡¶æ‡•§ ‡¶ñ‡ßÅ‡¶≤‡¶õ‡ßá ‡¶ß‡¶∞‡ßç‡¶Æ‡¶∏‡ßç‡¶•‡¶æ‡¶®, ‡¶∂‡¶™‡¶ø‡¶Ç ‡¶Æ‡¶≤, ‡¶∞‡ßá‡¶∏‡ßç‡¶§‡¶∞‡¶æ‡¶Å‡•§ ‡¶¶‡ßá‡¶ñ‡ßÅ‡¶® ‡¶∂‡¶π‡¶∞ ‡¶ï‡¶≤‡¶ï‡¶æ‡¶§‡¶æ‡¶∞ ‡¶ï‡¶ø‡¶õ‡ßÅ ‡¶ü‡ßÅ‡¶ï‡¶∞‡ßã‡•§
#unlock1 #kolkata
 https://m.facebook.com/story.php?story_fbid=704596050114387&id=242319389675391¬†‚Ä¶",[],['https://m.facebook.com/story.php?story_fbid=704596050114387&id=242319389675391'],[],0,0,0,"['#unlock1', '#kolkata']",[],https://twitter.com/TheWallTweets/status/1270041884845469697,False,,0,,,,,,,"[{'user_id': '987325061064544256', 'username': 'TheWallTweets'}]",,,,
1270040427329130498,1270040427329130498,1591636208000,2020-06-08,10:10:08,PDT,74707348,passionfornews,Manoj Gupta,,"#SocialDistancing üò±üôÑ Where only 20 passengers allowed in a bus 

#Kolkata #BengalFightsCorona #bengal #unlock1 #lockdown #WestBengal #India @MamataOfficial @nitin_gadkari @AITCofficial @BJP4Bengal @jdhankhar1 pic.twitter.com/cRN2cu1jE4","['mamataofficial', 'nitin_gadkari', 'aitcofficial', 'bjp4bengal', 'jdhankhar1']",[],[],2,1,2,"['#socialdistancing', '#kolkata', '#bengalfightscorona', '#bengal', '#unlock1', '#lockdown', '#westbengal', '#india']",[],https://twitter.com/PassionForNews/status/1270040427329130498,False,,1,,,,,,,"[{'user_id': '74707348', 'username': 'PassionForNews'}, {'user_id': '2526794479', 'username': 'MamataOfficial'}, {'user_id': '97217966', 'username': 'nitin_gadkari'}, {'user_id': '290452792', 'username': 'AITCofficial'}, {'user_id': '2984417534', 'username': 'BJP4Bengal'}, {'user_id': '3277280118', 'username': 'jdhankhar1'}]",,,,
1270040351886184451,1270040351886184451,1591636190000,2020-06-08,10:09:50,PDT,2805865062,jawaid_danish,Danish Jawaid,,#RIP #SocialDistancing during #Unlock1 in #kolkata  pic.twitter.com/ZB8KBVmsFG,[],[],[],3,1,2,"['#rip', '#socialdistancing', '#unlock1', '#kolkata']",[],https://twitter.com/jawaid_danish/status/1270040351886184451,False,,1,,,,,,,"[{'user_id': '2805865062', 'username': 'jawaid_danish'}]",,,,
1270039049500311553,1270039049500311553,1591635880000,2020-06-08,10:04:40,PDT,2465820644,pankajagarwal75,Pankaj Agarwal,,"Social distancing in Bus, Where only 20 passengers allowed üòÄüòÄ
#Kolkata #kolkatadiaries #BengalFightsCorona #bengal #unlock1 #lockdown pic.twitter.com/EVr8ACThAZ",[],[],[],0,0,0,"['#kolkata', '#kolkatadiaries', '#bengalfightscorona', '#bengal', '#unlock1', '#lockdown']",[],https://twitter.com/pankajagarwal75/status/1270039049500311553,False,,1,,,,,,,"[{'user_id': '2465820644', 'username': 'pankajagarwal75'}]",,,,
1270036098937319428,1270036098937319428,1591635176000,2020-06-08,09:52:56,PDT,18188632,mykhelcom,myKhel.com,,Mohun Bagan to reopen club tent from June 15 in Unlock 1.0 #MohunBagan #Unlock1 #Kolkata #Football https://www.mykhel.com/football/mohun-bagan-to-reopen-club-tent-from-june-15-in-unlock-1-0-145073.html¬†‚Ä¶,[],['https://www.mykhel.com/football/mohun-bagan-to-reopen-club-tent-from-june-15-in-unlock-1-0-145073.html'],[],0,0,0,"['#mohunbagan', '#unlock1', '#kolkata', '#football']",[],https://twitter.com/mykhelcom/status/1270036098937319428,False,,0,,,,,,,"[{'user_id': '18188632', 'username': 'mykhelcom'}]",,,,
1270033749443477510,1270033749443477510,1591634616000,2020-06-08,09:43:36,PDT,1481487146,nathanjessep87,QriyusGuy,,"Kolkata, today. #Covid_19india #SocialDistancing #Unlock1 #unlock1Point0 pic.twitter.com/svS9nU8ypJ",[],[],[],1,0,0,"['#covid_19india', '#socialdistancing', '#unlock1', '#unlock1point0']",[],https://twitter.com/nathanjessep87/status/1270033749443477510,False,,1,,,,,,,"[{'user_id': '1481487146', 'username': 'nathanjessep87'}]",,,,
1270024315157843968,1270024315157843968,1591632367000,2020-06-08,09:06:07,PDT,54894351,monideepa62,Monideepa Banerjie,,"BENGAL COVID ALERT 8/6

New case 426
Active case 4743
Total case 8613

Death 9
Total death 405

Samples tested 9024
Total tests¬†2,80,098

District wise New Cases
Kolkata 128
North 24 Parganas 55
Cooch Behar 47
Jalpaiguri 41 
Howrah 38
#BengalFightsCorona #Unlock1 #COVID19India",[],[],[],1,4,25,"['#bengalfightscorona', '#unlock1', '#covid19india']",[],https://twitter.com/Monideepa62/status/1270024315157843968,False,,0,,,,,,,"[{'user_id': '54894351', 'username': 'Monideepa62'}]",,,,
1269987283417141248,1269987283417141248,1591623538000,2020-06-08,06:38:58,PDT,54894351,monideepa62,Monideepa Banerjie,,"#BengalFightsCorona No local trains, no Metro rail, not enough  buses, autos in Kolkata on #Unlock1 Day. Chaos sends social distancing for a toss. Now #MamataBanerjee says you can cycle to work once @KolkataPolice identifies streets you may #cycle down.",['kolkatapolice'],[],[],14,9,78,"['#bengalfightscorona', '#unlock1', '#mamatabanerjee', '#cycle']",[],https://twitter.com/Monideepa62/status/1269987283417141248,False,,0,,,,,,,"[{'user_id': '54894351', 'username': 'Monideepa62'}, {'user_id': '3412395613', 'username': 'KolkataPolice'}]",,,,
1269976599967019008,1269976599967019008,1591620991000,2020-06-08,05:56:31,PDT,128859412,manogyaloiwal,Manogya Loiwal,,"This is shocking and suprising üëÄüôÑüò≥
#unlock2 #Unlock1 #mondaythoughts #Covid_19 #COVID19 #coronavirus #Birla #Temple #Kolkata  https://twitter.com/IndiaToday/status/1269963674682359810¬†‚Ä¶",[],['https://twitter.com/IndiaToday/status/1269963674682359810'],[],2,2,20,"['#unlock2', '#unlock1', '#mondaythoughts', '#covid_19', '#covid19', '#coronavirus', '#birla', '#temple', '#kolkata']",[],https://twitter.com/manogyaloiwal/status/1269976599967019008,False,https://twitter.com/IndiaToday/status/1269963674682359810,0,,,,,,,"[{'user_id': '128859412', 'username': 'manogyaloiwal'}]",,,,
1269973804295483392,1269973804295483392,1591620324000,2020-06-08,05:45:24,PDT,594676291,abpanandatv,ABP Ananda,,"#Unlock1 #Kolkata  ‡¶ñ‡ßÅ‡¶≤‡ßá‡¶õ‡ßá ‡¶Ö‡¶´‡¶ø‡¶∏, ‡¶¶‡ßá‡¶ñ‡ßÅ‡¶®- ‡¶∂‡¶π‡¶∞‡ßá‡¶∞ ‡¶¨‡¶ø‡¶≠‡¶ø‡¶®‡ßç‡¶® ‡¶∏‡ßç‡¶•‡¶æ‡¶®‡ßá ‡¶Ö‡¶¨‡ßç‡¶Ø‡¶æ‡¶π‡¶§‡¶ø ‡¶≠‡ßã‡¶ó‡¶æ‡¶®‡ßç‡¶§‡¶ø ‡¶Ø‡¶æ‡¶§‡ßç‡¶∞‡ßÄ‡¶¶‡ßá‡¶∞, ‡¶Ü‡¶∏‡¶æ‡¶∞ ‡¶Æ‡¶§‡ßã ‡¶´‡ßá‡¶∞‡¶æ‡¶∞ ‡¶™‡¶•‡ßá‡¶ì ‡¶¶‡ßÄ‡¶∞‡ßç‡¶ò ‡¶Ö‡¶™‡ßá‡¶ï‡ßç‡¶∑‡¶æ ‡¶¨‡¶æ‡¶∏‡ßá‡¶∞ ‡¶ú‡¶®‡ßç‡¶Ø
 https://bengali.abplive.com/videos/news/calcutta-unlock-one-bus-unavaiblabe-in-kolkata-702777¬†‚Ä¶",[],['https://bengali.abplive.com/videos/news/calcutta-unlock-one-bus-unavaiblabe-in-kolkata-702777'],[],5,1,16,"['#unlock1', '#kolkata']",[],https://twitter.com/abpanandatv/status/1269973804295483392,False,,0,,,,,,,"[{'user_id': '594676291', 'username': 'abpanandatv'}]",,,,
1269972199366176768,1269972199366176768,1591619941000,2020-06-08,05:39:01,PDT,2194160348,i_am_shreyas,Shreyas S. Dasgupta,,@MamataOfficial @derekobrienmp @FirhadHakim in continuation 2 my earlier twt here‚Äôs a sample pic of d traffic pts of kol. Dis girl is not only risking herself but others 2. Kindly arrange mask 4 all such people. #SafetyFirst #COVID19India #kolkata #FightAgainstCorona #Unlock1  https://twitter.com/I_am_Shreyas/status/1268511211198599169¬†‚Ä¶ pic.twitter.com/P7nF4U9Duo,"['mamataofficial', 'derekobrienmp', 'firhadhakim']",['https://twitter.com/I_am_Shreyas/status/1268511211198599169'],['https://pbs.twimg.com/media/EZ_Y9_yWkAAxouP.jpg'],0,1,0,"['#safetyfirst', '#covid19india', '#kolkata', '#fightagainstcorona', '#unlock1']",[],https://twitter.com/I_am_Shreyas/status/1269972199366176768,False,,0,,,,,,,"[{'user_id': '2194160348', 'username': 'I_am_Shreyas'}, {'user_id': '2526794479', 'username': 'MamataOfficial'}, {'user_id': '120965579', 'username': 'derekobrienmp'}, {'user_id': '922806342137479168', 'username': 'FirhadHakim'}]",,,,
1269965263652491264,1269965263652491264,1591618288000,2020-06-08,05:11:28,PDT,1092302177425448961,localsamosa,Local Samosa,,"#LocalMemes
Mall owners right now!!! üòÇüòÇüòÇ
#memes2020 #Unlock1 #unlock2 #shopping #malls #Mumbai #pune #Maharashtra #Delhi #kolkata #WestBengal #Karnataka #tamilnadu #LocalSamosa pic.twitter.com/FFBXuNex7A",[],[],[],0,1,0,"['#localmemes', '#memes2020', '#unlock1', '#unlock2', '#shopping', '#malls', '#mumbai', '#pune', '#maharashtra', '#delhi', '#kolkata', '#westbengal', '#karnataka', '#tamilnadu', '#localsamosa']",[],https://twitter.com/LocalSamosa/status/1269965263652491264,False,,1,,,,,,,"[{'user_id': '1092302177425448961', 'username': 'LocalSamosa'}]",,,,
1269944934326394880,1269944934326394880,1591613441000,2020-06-08,03:50:41,PDT,225012752,etnowlive,ET NOW,,"#Unlock1 | Here's a ground report of how the situation is in #Kolkata on day one of the #Unlock. Tune in!

#IndiaFightsCOVID19 #UnlockIndia #CoronavirusPandemic #WestBengal pic.twitter.com/Rrn6TzFrXl",[],[],[],0,1,4,"['#unlock1', '#kolkata', '#unlock', '#indiafightscovid19', '#unlockindia', '#coronaviruspandemic', '#westbengal']",[],https://twitter.com/ETNOWlive/status/1269944934326394880,False,,1,,,,,,,"[{'user_id': '225012752', 'username': 'ETNOWlive'}]",,,,
1269928403672510464,1269928403672510464,1591609500000,2020-06-08,02:45:00,PDT,1092302177425448961,localsamosa,Local Samosa,,"All you need to know about ""Unlock 1"". 

#Unlock1 #lockdown2020 #COVID19India #IndiaFightsCOVID19 #guidelines #maharashtra #Delhi #Kolkata #hyderabad #Rajasthan #Karnataka #TamilNadu #JammuAndKashmir #WestBengal #Localsamosa https://www.localsamosa.com/2020/06/05/lockdown-5-0-guidelines/¬†‚Ä¶",[],['https://www.localsamosa.com/2020/06/05/lockdown-5-0-guidelines/'],[],0,0,0,"['#unlock1', '#lockdown2020', '#covid19india', '#indiafightscovid19', '#guidelines', '#maharashtra', '#delhi', '#kolkata', '#hyderabad', '#rajasthan', '#karnataka', '#tamilnadu', '#jammuandkashmir', '#westbengal', '#localsamosa']",[],https://twitter.com/LocalSamosa/status/1269928403672510464,False,,0,,,,,,,"[{'user_id': '1092302177425448961', 'username': 'LocalSamosa'}]",,,,
1269926913834758144,1269926913834758144,1591609145000,2020-06-08,02:39:05,PDT,1652537276,calcutta_times,Calcutta Times,,"Exclusive: The legendary #Nahoums bakery opened after 50 days today. CT was there to taste the first batch of the goodies!
.
.
.
#Unlock1 #Kolkata  pic.twitter.com/pqi5j5xBcW",[],[],[],0,1,11,"['#nahoums', '#unlock1', '#kolkata']",[],https://twitter.com/Calcutta_Times/status/1269926913834758144,False,,1,,,,,,,"[{'user_id': '1652537276', 'username': 'Calcutta_Times'}]",,,,
1269923751484891138,1269923751484891138,1591608391000,2020-06-08,02:26:31,PDT,83514808,thenachiket,NachikeT KelkaR,,"Of the total 8,187 #coronavirus cases till June 7, #Kolkata has reported 2,758 patients, while the rest have been almost evenly distributed across #WestBengal. #COVID19. #India #Unlock1
#TheWeek @TheWeekLive https://bit.ly/3dKnvaS¬†",['theweeklive'],['https://bit.ly/3dKnvaS'],[],0,0,0,"['#coronavirus', '#kolkata', '#westbengal', '#covid19', '#india', '#unlock1', '#theweek']",[],https://twitter.com/TheNachiket/status/1269923751484891138,False,,0,,,,,,,"[{'user_id': '83514808', 'username': 'TheNachiket'}, {'user_id': '400630125', 'username': 'TheWeekLive'}]",,,,
1269880689484353536,1269880689484353536,1591598124000,2020-06-07,23:35:24,PDT,146937987,sumitkadei,Sumit kadel,,"Social distancing is a myth in Kolkata. Huge crowd on roads, dismantling government guidelines  I am in favour of unlocking the country but our Janta is hellbent on pushing us towards another indefinite lockdown. PS- India is on its peak of Covid19. God save our nation. #Unlock1",[],[],[],22,60,607,['#unlock1'],[],https://twitter.com/SumitkadeI/status/1269880689484353536,False,,0,,,,,,,"[{'user_id': '146937987', 'username': 'SumitkadeI'}]",,,,
1269871967605145600,1269871967605145600,1591596044000,2020-06-07,23:00:44,PDT,935146250336272384,trisha_sidnaaz,sidnaaz Je t'aime,,"The 1 pic is frm #MarineDrive Mumbai and 2 pic from kolkata.. If these are the result of #Unlock1 then country be ready to face more covid-19 + reports. Mumbai marine drive people who came for walk are educated hypocrites.
Mumbai city spotted +10k,covid+ n 126 death after unlock1  pic.twitter.com/1PMdyqcffE",[],[],['https://pbs.twimg.com/media/EZ99z6DUEAEOrCG.jpg'],1,3,4,"['#marinedrive', '#unlock1']",[],https://twitter.com/Trisha_SidNaaz/status/1269871967605145600,False,,0,,,,,,,"[{'user_id': '935146250336272384', 'username': 'Trisha_SidNaaz'}]",,,,
1269871463080886274,1269871463080886274,1591595924000,2020-06-07,22:58:44,PDT,1242185586527494144,bycs_kolkata,"'Bicycle Mayor' of Kolkata, India - Satanjib Gupta",,Time for a #bicycleboom in #India ? #Unlock1 #unlock2 https://twitter.com/teriin/status/1269869642215874560¬†‚Ä¶,[],['https://twitter.com/teriin/status/1269869642215874560'],[],0,1,2,"['#bicycleboom', '#india', '#unlock1', '#unlock2']",[],https://twitter.com/BYCS_Kolkata/status/1269871463080886274,False,https://twitter.com/teriin/status/1269869642215874560,0,,,,,,,"[{'user_id': '1242185586527494144', 'username': 'BYCS_Kolkata'}]",,,,
1269863089119215618,1269863089119215618,1591593928000,2020-06-07,22:25:28,PDT,1074664357806493696,__yippiekayak,Kuntal,,"Kolkata today.
@MamataOfficial 
This is what you wanted right?
Well you got it.
#Unlock1
#lockdown2020 pic.twitter.com/fumvsjakpq",['mamataofficial'],[],['https://pbs.twimg.com/media/EZ91vCXVAAA5o6O.jpg'],1,0,1,"['#unlock1', '#lockdown2020']",[],https://twitter.com/__yippiekayak/status/1269863089119215618,False,,0,,,,,,,"[{'user_id': '1074664357806493696', 'username': '__yippiekayak'}, {'user_id': '2526794479', 'username': 'MamataOfficial'}]",,,,
1269856488706670593,1269856488706670593,1591592354000,2020-06-07,21:59:14,PDT,2467169677,rohitjswl01,Rohitt Jaiswal,,#Kolkata is back... Everything open... itne saare logo ko ek saath itne dino ke baad dekh kar bada ajeeb sa lagg raha hai... Khamoshi ka daur khatam ab wahe chehel pehel wali zindagi shuru... #Unlock1 #unlockone,[],[],[],9,10,175,"['#kolkata', '#unlock1', '#unlockone']",[],https://twitter.com/rohitjswl01/status/1269856488706670593,False,,0,,,,,,,"[{'user_id': '2467169677', 'username': 'rohitjswl01'}]",,,,
1269822702094819329,1269822702094819329,1591584299000,2020-06-07,19:44:59,PDT,36327407,httweets,Hindustan Times,,"Some of Kolkata‚Äôs famous restaurants are prepared to adapt to the new normal of social distancing as they open amid #Covid19. 

#Unlock1
 https://www.hindustantimes.com/kolkata/unlock-1-bengal-s-love-for-food-awaits-test-as-restaurants-prepare-to-open-today/story-D3DVYY9n4HDS3igo5qlMmI.html¬†‚Ä¶",[],['https://www.hindustantimes.com/kolkata/unlock-1-bengal-s-love-for-food-awaits-test-as-restaurants-prepare-to-open-today/story-D3DVYY9n4HDS3igo5qlMmI.html'],[],0,5,44,"['#covid19', '#unlock1']",[],https://twitter.com/htTweets/status/1269822702094819329,False,,0,,,,,,,"[{'user_id': '36327407', 'username': 'htTweets'}]",,,,
1269314381852147712,1269314381852147712,1591463106000,2020-06-06,10:05:06,PDT,1247710026598400002,khoborwalatv,Khoborwala Tv,,"‡¶è‡¶¨‡¶æ‡¶∞ ‡¶Ü‡¶∞ ‡¶Ø‡ßá‡¶Æ‡¶® ‡¶ñ‡ßÅ‡¶∂‡¶ø ‡¶∂‡¶™‡¶ø‡¶Ç ‡¶Æ‡¶≤‡ßá ‡¶ò‡ßÅ‡¶∞‡ßá ‡¶¨‡ßá‡¶°‡¶º‡¶æ‡¶®‡ßã ‡¶®‡¶Ø‡¶º, ‡¶Æ‡ßá‡¶®‡ßá ‡¶ö‡¶≤‡¶§‡ßá ‡¶π‡¶¨‡ßá ‡¶Ö‡¶®‡ßá‡¶ï ‡¶®‡¶ø‡¶Ø‡¶º‡¶Æ

#Unlock1 #Unlock #UnlockingIndia
#UnlockIndia #UnlockRules #NewGuidelines #ShoppingMall #Kolkata #CityOfJoy #CoronavirusOutbreak #KhoborwalaTV
 https://khoborwalatv.com/mall-to-open-8th-june-rules-and-regulations/¬†‚Ä¶",[],['https://khoborwalatv.com/mall-to-open-8th-june-rules-and-regulations/'],[],0,0,2,"['#unlock1', '#unlock', '#unlockingindia', '#unlockindia', '#unlockrules', '#newguidelines', '#shoppingmall', '#kolkata', '#cityofjoy', '#coronavirusoutbreak', '#khoborwalatv']",[],https://twitter.com/khoborwalatv/status/1269314381852147712,False,,0,,,,,,,"[{'user_id': '1247710026598400002', 'username': 'khoborwalatv'}]",,,,
1269269917842526210,1269269917842526210,1591452504000,2020-06-06,07:08:24,PDT,1242185586527494144,bycs_kolkata,"'Bicycle Mayor' of Kolkata, India - Satanjib Gupta",,"#Cycling ensures #SocialDistancing 

Promote & Prioritise Cycling as a safe and happy mode of transport during #Unlock1 for #EconomicRecovery #GreenRecovery
@FinMinIndia @MoHFW_INDIA
@nitin_gadkari
@ut_MoHUA @MoHUA_India
@mnreindia https://twitter.com/BYCS_Kolkata/status/1266384708046331904¬†‚Ä¶","['finminindia', 'mohfw_india', 'nitin_gadkari', 'ut_mohua', 'mohua_india', 'mnreindia']",['https://twitter.com/BYCS_Kolkata/status/1266384708046331904'],[],0,0,0,"['#cycling', '#socialdistancing', '#unlock1', '#economicrecovery', '#greenrecovery']",[],https://twitter.com/BYCS_Kolkata/status/1269269917842526210,False,https://twitter.com/BYCS_Kolkata/status/1266384708046331904,0,,,,,,,"[{'user_id': '1242185586527494144', 'username': 'BYCS_Kolkata'}, {'user_id': '2613904818', 'username': 'FinMinIndia'}, {'user_id': '2596143056', 'username': 'MoHFW_INDIA'}, {'user_id': '97217966', 'username': 'nitin_gadkari'}, {'user_id': '804659343052324864', 'username': 'ut_MoHUA'}, {'user_id': '2665238888', 'username': 'MoHUA_India'}, {'user_id': '2543217782', 'username': 'mnreindia'}]",,,,
1269168827125739520,1269168827125739520,1591428403000,2020-06-06,00:26:43,PDT,864077417987530752,ranchipib,PIB in Jharkhand üáÆüá≥,,"#specialtrains
#SpecialTrains of @RailMinIndia from/to #Kolkata
#Unlock1  pic.twitter.com/aXjeZkhbbN",['railminindia'],[],['https://pbs.twimg.com/media/EZz-T3bXYAAjPKm.jpg'],1,4,7,"['#specialtrains', '#specialtrains', '#kolkata', '#unlock1']",[],https://twitter.com/RanchiPIB/status/1269168827125739520,False,,0,,,,,,,"[{'user_id': '864077417987530752', 'username': 'RanchiPIB'}, {'user_id': '2602959463', 'username': 'RailMinIndia'}]",,,,
1269155216773038087,1269155216773038087,1591425158000,2020-06-05,23:32:38,PDT,1055367294656888832,pib_patna,PIB In Bihar üáÆüá≥ Mask yourself üò∑,,"#specialtrains
#SpecialTrains of @RailMinIndia from/to #Kolkata
#Unlock1  pic.twitter.com/XsnEbw7rGg",['railminindia'],[],['https://pbs.twimg.com/media/EZzx7f1UMAA0LJn.jpg'],0,7,40,"['#specialtrains', '#specialtrains', '#kolkata', '#unlock1']",[],https://twitter.com/PIB_Patna/status/1269155216773038087,False,,0,,,,,,,"[{'user_id': '1055367294656888832', 'username': 'PIB_Patna'}, {'user_id': '2602959463', 'username': 'RailMinIndia'}]",,,,
1269125040026550274,1269125040026550274,1591417963000,2020-06-05,21:32:43,PDT,819130177,ei_samay,Ei Samay,,"‡¶è‡¶ï‡¶®‡¶ú‡¶∞‡ßá ‡¶¶‡ßá‡¶ñ‡ßá ‡¶®‡ßá‡¶¨ ‡¶ó‡ßã‡¶ü‡¶æ ‡¶∞‡¶æ‡¶ú‡ßç‡¶Ø‡ßá‡¶∞ ‡¶™‡¶∞‡¶ø‡¶∏‡ßç‡¶•‡¶ø‡¶§‡¶ø...
#COVID„Éº19 #COVID19Update #WestBengal #Unlock1 #Kolkata #StaySafe #RealNews #EiSamay https://eisamay.indiatimes.com/west-bengal-news/others/coronavirus-case-in-kolkata-howrah-hooghly-west-bengal-latest-news-live-updates/articleshow/76227480.cms¬†‚Ä¶",[],['https://eisamay.indiatimes.com/west-bengal-news/others/coronavirus-case-in-kolkata-howrah-hooghly-west-bengal-latest-news-live-updates/articleshow/76227480.cms'],[],0,0,4,"['#covid„Éº19', '#covid19update', '#westbengal', '#unlock1', '#kolkata', '#staysafe', '#realnews', '#eisamay']",[],https://twitter.com/Ei_Samay/status/1269125040026550274,False,,0,,,,,,,"[{'user_id': '819130177', 'username': 'Ei_Samay'}]",,,,
1269110714859507712,1269110714859507712,1591414548000,2020-06-05,20:35:48,PDT,1124591449905885185,archi3archana,Archana,,"Add Chennai, Kolkata to the list. In all metros things have gone out of control. Rest of the cities will explode after #Unlock1  https://twitter.com/GabbbarSingh/status/1269101431459467264¬†‚Ä¶",[],['https://twitter.com/GabbbarSingh/status/1269101431459467264'],[],1,0,0,['#unlock1'],[],https://twitter.com/archi3archana/status/1269110714859507712,False,https://twitter.com/GabbbarSingh/status/1269101431459467264,0,,,,,,,"[{'user_id': '1124591449905885185', 'username': 'archi3archana'}]",,,,
1268912964762890241,1268912964762890241,1591367400000,2020-06-05,07:30:00,PDT,36327407,httweets,Hindustan Times,,"With restrictions being gradually eased during #Unlock1 phase, the area of Kolkata‚Äôs containment zones is shrinking as the city administration allows more relaxations for the residents

(reports @joydeepthakur) https://www.hindustantimes.com/india-news/kolkata-s-containment-zone-area-trimmed-to-give-more-people-liberties/story-LxYjWoTJkJkJoDP5cpUk8N.html¬†‚Ä¶",['joydeepthakur'],['https://www.hindustantimes.com/india-news/kolkata-s-containment-zone-area-trimmed-to-give-more-people-liberties/story-LxYjWoTJkJkJoDP5cpUk8N.html'],[],0,3,13,['#unlock1'],[],https://twitter.com/htTweets/status/1268912964762890241,False,,0,,,,,,,"[{'user_id': '36327407', 'username': 'htTweets'}, {'user_id': '3059424457', 'username': 'joydeepthakur'}]",,,,
1268905866482323457,1268905866482323457,1591365708000,2020-06-05,07:01:48,PDT,36327407,httweets,Hindustan Times,,"With restrictions being gradually eased during #Unlock1 phase, the area of Kolkata‚Äôs containment zones is shrinking as the city administration allows more relaxations for the residents

(reports @joydeepthakur) 

 https://www.hindustantimes.com/india-news/kolkata-s-containment-zone-area-trimmed-to-give-more-people-liberties/story-LxYjWoTJkJkJoDP5cpUk8N.html¬†‚Ä¶",['joydeepthakur'],['https://www.hindustantimes.com/india-news/kolkata-s-containment-zone-area-trimmed-to-give-more-people-liberties/story-LxYjWoTJkJkJoDP5cpUk8N.html'],[],1,2,20,['#unlock1'],[],https://twitter.com/htTweets/status/1268905866482323457,False,,0,,,,,,,"[{'user_id': '36327407', 'username': 'htTweets'}, {'user_id': '3059424457', 'username': 'joydeepthakur'}]",,,,
1268793425064865792,1268793425064865792,1591338900000,2020-06-04,23:35:00,PDT,279009908,myanandabazar,Anandabazar Patrika,,"#Unlock1
‡ßÆ ‡¶ú‡ßÅ‡¶® ‡¶•‡ßá‡¶ï‡ßá ‡¶∂‡¶π‡¶∞‡ßá‡¶∞ ‡¶≠‡ßã‡¶ú‡¶∂‡¶æ‡¶≤‡¶æ‡¶ó‡ßÅ‡¶≤‡¶ø ‡¶ñ‡ßã‡¶≤‡¶æ‡¶∞ ‡¶ï‡¶•‡¶æ‡•§ ‡¶ï‡¶ø‡¶®‡ßç‡¶§‡ßÅ ‡¶∏‡ßç‡¶™‡¶∑‡ßç‡¶ü ‡¶®‡¶ø‡¶∞‡ßç‡¶¶‡ßá‡¶∂‡¶ø‡¶ï‡¶æ‡¶∞ ‡¶Ö‡¶≠‡¶æ‡¶¨‡ßá ‡¶ï‡ßá, ‡¶ï‡ßã‡¶® ‡¶®‡¶ø‡¶Ø‡¶º‡¶Æ ‡¶Æ‡ßá‡¶®‡ßá ‡¶ö‡¶≤‡¶¨‡ßá‡¶®, ‡¶§‡¶æ ‡¶®‡¶ø‡¶Ø‡¶º‡ßá ‡¶∞‡ßÄ‡¶§‡¶ø‡¶Æ‡¶§‡ßã ‡¶ß‡¶®‡ßç‡¶¶‡ßá ‡¶¨‡¶ø‡¶≠‡¶ø‡¶®‡ßç‡¶® ‡¶∞‡ßá‡¶∏‡ßç‡¶§‡¶∞‡¶æ‡¶Å ‡¶ï‡¶∞‡ßç‡¶§‡ßÉ‡¶™‡¶ï‡ßç‡¶∑
#hotels #hospitalityindustry #Kolkata
 https://www.anandabazar.com/calcutta/many-restaurants-are-reluctant-to-re-open-1.1158757?utm_source=twitter&utm_medium=social&utm_campaign=daily¬†‚Ä¶",[],['https://www.anandabazar.com/calcutta/many-restaurants-are-reluctant-to-re-open-1.1158757?utm_source=twitter&utm_medium=social&utm_campaign=daily'],[],0,1,9,"['#unlock1', '#hotels', '#hospitalityindustry', '#kolkata']",[],https://twitter.com/MyAnandaBazar/status/1268793425064865792,False,,0,,,,,,,"[{'user_id': '279009908', 'username': 'MyAnandaBazar'}]",,,,
1268606292505083906,1268606292505083906,1591294284000,2020-06-04,11:11:24,PDT,1068081762822119424,swagoto365,Swagoto Chatterjee,,"""BACK TO THE DAILY LIFE""
#Unlock1 #postlockdown #kolkata #india #office #workplace #LockdownEnd #unlockone #SwagotoPhotography #SwagotoOnInstagram pic.twitter.com/0DvLIggCmo",[],[],['https://pbs.twimg.com/media/EZr-rVOUcAA611m.jpg'],0,0,0,"['#unlock1', '#postlockdown', '#kolkata', '#india', '#office', '#workplace', '#lockdownend', '#unlockone', '#swagotophotography', '#swagotooninstagram']",[],https://twitter.com/swagoto365/status/1268606292505083906,False,,0,,,,,,,"[{'user_id': '1068081762822119424', 'username': 'swagoto365'}]",,,,
1268504359660208131,1268504359660208131,1591269981000,2020-06-04,04:26:21,PDT,1192416751889211393,aarohi_news,Aarohi News,,"On the third day of Unlock 1 |
For full story:  https://youtu.be/RDFx78wQl-Y¬†
#Newmarket #Unlock1 #Unlock #unlockone #UnlockYourFreedom #unlock1Point0 #UnlockingIndia #Lockdown5 #LockdownEnd #lockdownextension #LockdownExtended #lockdown2020 #lockdown #Kolkata #latestupdate pic.twitter.com/0GNqvY9ubi",[],['https://youtu.be/RDFx78wQl-Y'],['https://pbs.twimg.com/media/EZqhhwAUwAA_KNF.jpg'],0,0,0,"['#newmarket', '#unlock1', '#unlock', '#unlockone', '#unlockyourfreedom', '#unlock1point0', '#unlockingindia', '#lockdown5', '#lockdownend', '#lockdownextension', '#lockdownextended', '#lockdown2020', '#lockdown', '#kolkata', '#latestupdate']",[],https://twitter.com/aarohi_news/status/1268504359660208131,False,,0,,,,,,,"[{'user_id': '1192416751889211393', 'username': 'aarohi_news'}]",,,,
1268471492628459520,1260133338943234049,1591262145000,2020-06-04,02:15:45,PDT,51418769,kp1200,Kanishka,,"These photos of #Kolkata's iconic Howrah Bridge is the symbol of new #India. #Cyclists outnumbered the motor vehicles in #Unlock1 Thank you @MamataOfficial for making pushing Cycling in current times. 

@HemantSorenJMM pic.twitter.com/WOqL2xQ83X","['mamataofficial', 'hemantsorenjmm']",[],"['https://pbs.twimg.com/media/EZqEE0XU8AAp042.jpg', 'https://pbs.twimg.com/media/EZqEFukUYAI7ONf.jpg']",1,1,2,"['#kolkata', '#india', '#cyclists', '#unlock1']",[],https://twitter.com/kp1200/status/1268471492628459520,False,,0,,,,,,,"[{'user_id': '51418769', 'username': 'kp1200'}, {'user_id': '2526794479', 'username': 'MamataOfficial'}, {'user_id': '951457762835337217', 'username': 'HemantSorenJMM'}]",,,,
1268453758641614848,1268453758641614848,1591257917000,2020-06-04,01:05:17,PDT,843025010377732096,aishwarya15695,Aishwarya Roy,,"1 Covid positive in Kolkata, lockdown, everyone was anxious.
6000 covid positive in West Bengal, everyone need to go to office by public transport,no social distancing,no life securities.
It's like you die,what's the f*** big deal is it.
You are poor?so die ..#COVID„Éº19 #Unlock1",[],[],[],0,0,0,"['#covid„Éº19', '#unlock1']",[],https://twitter.com/Aishwarya15695/status/1268453758641614848,False,,0,,,,,,,"[{'user_id': '843025010377732096', 'username': 'Aishwarya15695'}]",,,,
1268439760944521216,1268439760944521216,1591254580000,2020-06-04,00:09:40,PDT,853512423499862016,atik_nawaz,Atik Nawaz,,"#Lockdown didn't go waste,
1. Improvement in air quality.
2. Dolphins spotted near Kolkata ghats
3. The number of flamingos increased in Mumbai
4. Ganga fit for drinking in Haridwar
Tomorrow is #EnvironmentDay lets take oath to keep these changes after #Unlock1
#BlueLivesMatter",[],[],[],0,0,3,"['#lockdown', '#environmentday', '#unlock1', '#bluelivesmatter']",[],https://twitter.com/atik_nawaz/status/1268439760944521216,False,,0,,,,,,,"[{'user_id': '853512423499862016', 'username': 'atik_nawaz'}]",,,,
1268407497934745602,1268407497934745602,1591246888000,2020-06-03,22:01:28,PDT,236457240,devilish_nilesh,nilesh wtf??,,"Jaha maut k pas wo apka Pata
Welcome to Kolkata
#Unlock1 #COVID19India pic.twitter.com/sJMy0Chebg",[],[],['https://pbs.twimg.com/media/EZpJ4rVVAAAxhE5.jpg'],0,0,1,"['#unlock1', '#covid19india']",[],https://twitter.com/devilish_nilesh/status/1268407497934745602,False,,0,,,,,,,"[{'user_id': '236457240', 'username': 'devilish_nilesh'}]",,,,
1268340139329110016,1268340085004484609,1591230828000,2020-06-03,17:33:48,PDT,597992690,imrandse12,Syed Imran Hussain,,"This is nothing bt mental harassment Sir
They shud nt hv booked d ticket in the first hand if they wr nt sure of flying. Now why they r harassing the customers is beyond my imagination
Pl take sme strict action Sir
#kolkata #flight #goAirLootedCustomers #delhi #Unlock1 @MoCA_GoI",['moca_goi'],[],[],1,0,0,"['#kolkata', '#flight', '#goairlootedcustomers', '#delhi', '#unlock1']",[],https://twitter.com/imrandse12/status/1268340139329110016,False,,0,,,,,,,"[{'user_id': '597992690', 'username': 'imrandse12'}, {'user_id': '3619207820', 'username': 'MoCA_GoI'}]",,,,
1268145076422635520,1268145076422635520,1591184321000,2020-06-03,04:38:41,PDT,1267116079689555968,heightsroad,Imperial Heights Mussoorie Road Dehradun,,"Home sweet home.1/2/3 Bhk Ready to move in apartments in Mussoorie Road Dehradun. Call - 8126111666
#Unlock1 #Dehradun #kolkata  pic.twitter.com/RtQKB8k5zn",[],[],['https://pbs.twimg.com/media/EZlbMz3XgAA-iWP.jpg'],0,0,1,"['#unlock1', '#dehradun', '#kolkata']",[],https://twitter.com/HeightsRoad/status/1268145076422635520,False,,0,,,,,,,"[{'user_id': '1267116079689555968', 'username': 'HeightsRoad'}]",,,,
1268107741857411073,1268107741857411073,1591175420000,2020-06-03,02:10:20,PDT,468250625,zee24ghanta,zee24ghanta,,"‡¶ï‡¶∞‡ßç‡¶§‡ßÉ‡¶™‡¶ï‡ßç‡¶∑‡ßá‡¶∞ ‡¶ö‡ßã‡¶ñ‡¶∞‡¶æ‡¶ô‡¶æ‡¶®‡¶ø, ‡¶ö‡¶æ‡¶ï‡¶∞‡¶ø ‡¶¨‡¶æ‡¶Å‡¶ö‡¶æ‡¶§‡ßá ‡ß´‡ß¶‡ß¶ ‡¶ü‡¶æ‡¶ï‡¶æ ‡¶ñ‡¶∞‡¶ö‡¶æ ‡¶ï‡¶∞‡ßá‡¶á ‡¶õ‡ßÅ‡¶ü‡¶§‡ßá ‡¶π‡¶ö‡ßç‡¶õ‡ßá ‡¶Ö‡¶´‡¶ø‡¶∏, ‡¶∏‡¶æ‡¶∞‡¶æ ‡¶Æ‡¶æ‡¶∏‡ßá‡¶∞ ‡¶ñ‡¶∞‡¶ö ‡¶∂‡ßá‡¶∑ ‡ß® ‡¶¶‡¶ø‡¶®‡ßá‡¶á
#zee24ghanta #Unlock1 #Kolkata
 https://zeenews.india.com/bengali/kolkata/common-people-are-facing-problem-in-going-office-from-districts-to-kolkata_318822.html¬†‚Ä¶ pic.twitter.com/iO0zcLyzoq",[],['https://zeenews.india.com/bengali/kolkata/common-people-are-facing-problem-in-going-office-from-districts-to-kolkata_318822.html'],['https://pbs.twimg.com/media/EZk5QHXU4AAOxPf.jpg'],6,1,18,"['#zee24ghanta', '#unlock1', '#kolkata']",[],https://twitter.com/Zee24Ghanta/status/1268107741857411073,False,,0,,,,,,,"[{'user_id': '468250625', 'username': 'Zee24Ghanta'}]",,,,
1268019471580401664,1268019471580401664,1591154375000,2020-06-02,20:19:35,PDT,1945979065,oneindiabengali,Oneindia Bengali,,"‡¶Ø‡¶§ ‡¶Ü‡¶∏‡¶® ‡¶§‡¶§ ‡¶Ø‡¶æ‡¶§‡ßç‡¶∞‡ßÄ, ‡¶∏‡¶∞‡¶ï‡¶æ‡¶∞‡ßá‡¶∞ ‡¶Ö‡¶®‡ßÅ‡¶Æ‡¶§‡¶ø‡¶§‡ßá‡¶á ‡¶Ü‡¶ú ‡¶•‡ßá‡¶ï‡ßá ‡¶è‡¶á ‡¶®‡¶ø‡¶Ø‡¶º‡¶Æ‡ßá‡¶á ‡¶∂‡¶π‡¶∞‡ßá ‡¶®‡ßá‡¶Æ‡ßá‡¶õ‡ßá ‡¶Ö‡¶ü‡ßã, ‡¶∂‡¶ø‡¶ï‡ßá‡¶Ø‡¶º ‡¶¶‡ßÇ‡¶∞‡¶§‡ßç‡¶¨ ‡¶¨‡¶ø‡¶ß‡¶ø
#Kolkata #Coronavirus #Unlock1
 https://bengali.oneindia.com/news/kolkata/amidst-coronavirus-infection-auto-run-with-4-passengers-in-k-084104.html¬†‚Ä¶",[],['https://bengali.oneindia.com/news/kolkata/amidst-coronavirus-infection-auto-run-with-4-passengers-in-k-084104.html'],[],0,0,0,"['#kolkata', '#coronavirus', '#unlock1']",[],https://twitter.com/OneindiaBengali/status/1268019471580401664,False,,0,,,,,,,"[{'user_id': '1945979065', 'username': 'OneindiaBengali'}]",,,,
1267868245031137280,1267868245031137280,1591118320000,2020-06-02,10:18:40,PDT,588145482,ssanyal,Sourav Sanyal,,#Unlock1 See who decides to take a bus ride along with other passengers in #Kolkata. Some #monkey business this! @susantananda3 @SudhaRamenIFS @drqayumiitk @ParveenKaswan @rameshpandeyifs pic.twitter.com/sYPzIv3Mvt,"['susantananda3', 'sudharamenifs', 'drqayumiitk', 'parveenkaswan', 'rameshpandeyifs']",[],[],1,17,134,"['#unlock1', '#kolkata', '#monkey']",[],https://twitter.com/SSanyal/status/1267868245031137280,False,,1,,,,,,,"[{'user_id': '588145482', 'username': 'SSanyal'}, {'user_id': '948568031042486273', 'username': 'susantananda3'}, {'user_id': '2219233063', 'username': 'SudhaRamenIFS'}, {'user_id': '1588138668', 'username': 'drqayumiitk'}, {'user_id': '1052325553', 'username': 'ParveenKaswan'}, {'user_id': '2942537503', 'username': 'rameshpandeyifs'}]",,,,
1267863222415060993,1267863222415060993,1591117122000,2020-06-02,09:58:42,PDT,1243409875670953987,lalmohanchakra4,Lalmohan Chakraborty,,@narendramodi please sir my name is lal mohan chakraborty my city kolkata howrah aap na howrah ka lockdown kohl diya iss Liya bohot Sara admi gadering Kar raha hai iha per koi bhi insan thik kar ka unlock1 palan nai kar raha hai iha per kuch jaga per aisa vir kar raha please kuch,['narendramodi'],[],[],0,0,0,[],[],https://twitter.com/LalmohanChakra4/status/1267863222415060993,False,,0,,,,,,,"[{'user_id': '1243409875670953987', 'username': 'LalmohanChakra4'}, {'user_id': '18839785', 'username': 'narendramodi'}]",,,,
1267848473501528064,1267848473501528064,1591113606000,2020-06-02,09:00:06,PDT,1124877194,ajaykumargande,Ajay Kumar,,"In the Sky - #LocustAttack
On the Ground - #COVID19
Underground - #earthquake
In the Sea - #Cyclone

But @Arogyasetu shows:-
You are Safe!
#Unlock1 #COVID19India #coronavirus #kolkata #Mumbai #Gujarat",['arogyasetu'],[],[],0,0,2,"['#locustattack', '#covid19', '#earthquake', '#cyclone', '#unlock1', '#covid19india', '#coronavirus', '#kolkata', '#mumbai', '#gujarat']",[],https://twitter.com/ajaykumargande/status/1267848473501528064,False,,0,,,,,,,"[{'user_id': '1124877194', 'username': 'ajaykumargande'}, {'user_id': '1061120570388045824', 'username': 'Arogyasetu'}]",,,,
1267781234203267073,1267781234203267073,1591097575000,2020-06-02,04:32:55,PDT,1242185586527494144,bycs_kolkata,"'Bicycle Mayor' of Kolkata, India - Satanjib Gupta",,"#Sudden & #spontaneous #surge of #bicycles in #Kolkata during #Unlock1 to avoid #COVID„Éº19
@timesofindia @Calcutta_Times
#ResetIndiaWithCycling
#june3worldbicycleday
@BYCS_org https://twitter.com/DipawaliM/status/1267655641855737856¬†‚Ä¶","['timesofindia', 'calcutta_times', 'bycs_org']",['https://twitter.com/DipawaliM/status/1267655641855737856'],[],0,0,0,"['#sudden', '#spontaneous', '#surge', '#bicycles', '#kolkata', '#unlock1', '#covid„Éº19', '#resetindiawithcycling', '#june3worldbicycleday']",[],https://twitter.com/BYCS_Kolkata/status/1267781234203267073,False,https://twitter.com/DipawaliM/status/1267655641855737856,0,,,,,,,"[{'user_id': '1242185586527494144', 'username': 'BYCS_Kolkata'}, {'user_id': '134758540', 'username': 'timesofindia'}, {'user_id': '1652537276', 'username': 'Calcutta_Times'}, {'user_id': '340841083', 'username': 'BYCS_org'}]",,,,
1267756967688146944,1267756967688146944,1591091789000,2020-06-02,02:56:29,PDT,479282101,sdeepayan,Deepayan Sinha | ‡¶¶‡ßÄ‡¶™‡¶æ‡ßü‡¶® | ‡§¶‡•Ä‡§™‡§æ‡§Ø‡§®,,"#Unlock1: A viral social media footage shows the situation inside a govt bus in #Kolkata during peak office hour, while #WestBengal govt has already stated that no passenger shall be allowed to travel standing in the bus. pic.twitter.com/6mTIeTV1v8",[],[],[],2,0,1,"['#unlock1', '#kolkata', '#westbengal']",[],https://twitter.com/sdeepayan/status/1267756967688146944,False,,1,,,,,,,"[{'user_id': '479282101', 'username': 'sdeepayan'}]",,,,
1267721705520336896,1267721705520336896,1591083382000,2020-06-02,00:36:22,PDT,1122744468,iamharshpansari,Harsh Pansari,,"Railways‚Äô unhealthy Corona Expresses behind #WestBengal‚Äôs #Covid_19 spike: CM @MamataOfficial 

What about the Buses carrying more than 20 people in kolkata. Is this not Corona MahaExpress? üò†
#Unlock1, Day 2 #Kolkata üò†üò°  pic.twitter.com/BZbxA4TuVl",['mamataofficial'],[],[],2,15,26,"['#westbengal', '#covid_19', '#unlock1', '#kolkata']",[],https://twitter.com/iamharshpansari/status/1267721705520336896,False,,1,,,,,,,"[{'user_id': '1122744468', 'username': 'iamharshpansari'}, {'user_id': '2526794479', 'username': 'MamataOfficial'}]",,,,
1267710034927992832,1267710034927992832,1591080599000,2020-06-01,23:49:59,PDT,2167028629,hmmmalright30,hersheyunited3,,"Yeah, I wouldn't be surprised if India crosses US for number of #COVID19 cases. 
Scenes in Kolkata after #Unlock1 had started from yesterday. 
@narendramodi @PMOIndia @DrHVoffice @timesofindia @ANI pic.twitter.com/hwtWXWeHdw","['narendramodi', 'pmoindia', 'drhvoffice', 'timesofindia', 'ani']",[],['https://pbs.twimg.com/media/EZfPjIdWoAED6RS.jpg'],0,0,0,"['#covid19', '#unlock1']",[],https://twitter.com/hmmmalright30/status/1267710034927992832,False,,0,,,,,,,"[{'user_id': '2167028629', 'username': 'hmmmalright30'}, {'user_id': '18839785', 'username': 'narendramodi'}, {'user_id': '471741741', 'username': 'PMOIndia'}, {'user_id': '1095663245925376001', 'username': 'DrHVoffice'}, {'user_id': '134758540', 'username': 'timesofindia'}, {'user_id': '355989081', 'username': 'ANI'}]",,,,
1267700727805210624,1267700727805210624,1591078380000,2020-06-01,23:13:00,PDT,772693965627797504,toikolkata,TOI Kolkata,,"If you are missing the TOI's print edition, click here to read the TOI epaper and your city edition 

 https://epaper.timesgroup.com/Olive/ODN/TimesOfIndia/#¬†‚Ä¶
#Unlock1 #Kolkata #WestBengal pic.twitter.com/GBn1ytVDbm",[],['https://epaper.timesgroup.com/Olive/ODN/TimesOfIndia/#'],['https://pbs.twimg.com/media/EZfG_vGU4AAv-dB.png'],0,0,2,"['#unlock1', '#kolkata', '#westbengal']",[],https://twitter.com/TOIKolkata/status/1267700727805210624,False,,0,,,,,,,"[{'user_id': '772693965627797504', 'username': 'TOIKolkata'}]",,,,
1267698766666178560,1267698766666178560,1591077913000,2020-06-01,23:05:13,PDT,102704469,iindrojit,Indrajit | ‡¶á‡¶®‡ßç‡¶¶‡ßç‡¶∞‡¶ú‡¶ø‡ßé,,"And traffic jams are back in #Kolkata

Arrghhh! 

#Unlock1  pic.twitter.com/vAoGBlMLtv",[],[],['https://pbs.twimg.com/media/EZfFS6zVAAAEShS.jpg'],2,7,22,"['#kolkata', '#unlock1']",[],https://twitter.com/iindrojit/status/1267698766666178560,False,,0,,,,,,,"[{'user_id': '102704469', 'username': 'iindrojit'}]",,,,
1267658848397070339,1267658848397070339,1591068396000,2020-06-01,20:26:36,PDT,3300305647,sumonseng,Citizen / ‡¶®‡¶æ‡¶ó‡¶∞‡¶ø‡¶ï / Human Suman sengupta ‡¶∏‡ßÅ‡¶Æ‡¶®,,"Kolkata showing the way for going out in #Unlock1 by cycle .
No need of #AarogyaSetu 
Physical Distancing maintained writes @DipawaliM .
cc : @sagarikaghose @sanjukta @fayedsouza @kavita_krishnan https://twitter.com/DipawaliM/status/1267653891010617346¬†‚Ä¶","['dipawalim', 'sagarikaghose', 'sanjukta', 'fayedsouza', 'kavita_krishnan']",['https://twitter.com/DipawaliM/status/1267653891010617346'],[],0,4,12,"['#unlock1', '#aarogyasetu']",[],https://twitter.com/sumonseng/status/1267658848397070339,False,https://twitter.com/DipawaliM/status/1267653891010617346,0,,,,,,,"[{'user_id': '3300305647', 'username': 'sumonseng'}, {'user_id': '977138258202148865', 'username': 'DipawaliM'}, {'user_id': '56312411', 'username': 'sagarikaghose'}, {'user_id': '7370332', 'username': 'sanjukta'}, {'user_id': '33915298', 'username': 'fayedsouza'}, {'user_id': '1263706735', 'username': 'kavita_krishnan'}]",,,,
1267552478188523520,1267552478188523520,1591043035000,2020-06-01,13:23:55,PDT,130377372,keyakahe,Keya Ghosh,,Kolkata at the onset of #Unlock1. No words.....  pic.twitter.com/LEaGe1RJoG,[],[],['https://pbs.twimg.com/media/EZdAQNvWoAEZ4c4.jpg'],15,20,89,['#unlock1'],[],https://twitter.com/keyakahe/status/1267552478188523520,False,,0,,,,,,,"[{'user_id': '130377372', 'username': 'keyakahe'}]",,,,
1267528345060814850,1267528345060814850,1591037281000,2020-06-01,11:48:01,PDT,769980741124026371,saurabhbolly,SAURABH JOURNALIST (ü§ñ),,"#Kolkata #ferry services partially resume at #Babughat
#Unlock1
#unlock_1 #June1st #kolkatanews pic.twitter.com/S5aTYKNVvT",[],[],[],0,0,1,"['#kolkata', '#ferry', '#babughat', '#unlock1', '#unlock_1', '#june1st', '#kolkatanews']",[],https://twitter.com/saurabhbolly/status/1267528345060814850,False,,1,,,,,,,"[{'user_id': '769980741124026371', 'username': 'saurabhbolly'}]",,,,
1267517794750394370,1267517794750394370,1591034766000,2020-06-01,11:06:06,PDT,3230002694,im_singhania,Abhishek Singhania üáÆüá≥,,"Fully Unlock #Kolkata
@aajtak
@WBPolice
@MamataOfficial
#Unlock1  https://twitter.com/aajtak/status/1267516002033496064¬†‚Ä¶ pic.twitter.com/p1G8SvR1te","['aajtak', 'wbpolice', 'mamataofficial']",['https://twitter.com/aajtak/status/1267516002033496064'],"['https://pbs.twimg.com/media/EZcgq3vWAAEVY3r.jpg', 'https://pbs.twimg.com/media/EZcgrklXgAM7_fK.jpg', 'https://pbs.twimg.com/media/EZcgscNXYAAV0Sa.jpg', 'https://pbs.twimg.com/media/EZcgtMxX0AUJqen.jpg']",1,0,1,"['#kolkata', '#unlock1']",[],https://twitter.com/Im_Singhania/status/1267517794750394370,False,,0,,,,,,,"[{'user_id': '3230002694', 'username': 'Im_Singhania'}, {'user_id': '42606652', 'username': 'aajtak'}, {'user_id': '751102643909591040', 'username': 'WBPolice'}, {'user_id': '2526794479', 'username': 'MamataOfficial'}]",,,,
1267509998164283393,1267509998164283393,1591032907000,2020-06-01,10:35:07,PDT,1242164154556792832,sanjeev30590222,sanjeev Kumar agarwal,,@awasthis Really worried about the situation of kolkata after unlock1. This is the image of kolkata's big market area called bagree market.  It is in canning street.  pic.twitter.com/ex4Z0g7VkD,['awasthis'],[],['https://pbs.twimg.com/media/EZcZm58UwAAeauq.jpg'],0,0,0,[],[],https://twitter.com/sanjeev30590222/status/1267509998164283393,False,,0,,,,,,,"[{'user_id': '1242164154556792832', 'username': 'sanjeev30590222'}, {'user_id': '71815077', 'username': 'awasthis'}]",,,,
1267496135041712128,1267313273679970304,1591029602000,2020-06-01,09:40:02,PDT,201112822,kolleo,Saroop Chattopadhyay ‡¶∏‡ßç‡¶¨‡¶∞‡ßÇ‡¶™ ‡¶ö‡¶ü‡ßç‡¶ü‡ßã‡¶™‡¶æ‡¶ß‡ßç‡¶Ø‡¶æ‡ßü #India,,"#Unlock1 first day in #Kolkata #WestBengal
#CanningStreet #BagreeMarket pic.twitter.com/SImG0bjKAi","['jasbjp', 'subrataguharoy', 'news24tvchannel', 'sauravku_news24', 'nitishkumar', 'amitmalviya', 'fam4tmc']",[],"['https://pbs.twimg.com/media/EZcM9YHXgAI4XjT.jpg', 'https://pbs.twimg.com/media/EZcM_fcWAAQ81b6.jpg', 'https://pbs.twimg.com/media/EZcNAgAXkAcLqfb.jpg']",0,3,3,"['#unlock1', '#kolkata', '#westbengal', '#canningstreet', '#bagreemarket']",[],https://twitter.com/KOLLEO/status/1267496135041712128,False,,0,,,,,,,"[{'user_id': '201112822', 'username': 'KOLLEO'}, {'user_id': '509135469', 'username': 'JasBJP'}, {'user_id': '1376349787', 'username': 'subrataguharoy'}, {'user_id': '34206701', 'username': 'news24tvchannel'}, {'user_id': '2904287299', 'username': 'SauravKu_News24'}, {'user_id': '143409075', 'username': 'NitishKumar'}, {'user_id': '95588504', 'username': 'amitmalviya'}, {'user_id': '3064984188', 'username': 'FAM4TMC'}]",,,,
1267494406812098560,1267494406812098560,1591029190000,2020-06-01,09:33:10,PDT,19897138,indiatoday,IndiaToday,,"On the first day of #Unlock1, people are returning to work in Kolkata but due to fewer buses and high cab prices, commuters are traveling through bicycles from nearby districts to Kolkata. @manogyaloiwal brings us more in this report.
#ReporterDiary
 http://bit.ly/IndiaTodaySocial¬†‚Ä¶ pic.twitter.com/TwEil8EXwK",['manogyaloiwal'],['http://bit.ly/IndiaTodaySocial'],[],0,8,43,"['#unlock1', '#reporterdiary']",[],https://twitter.com/IndiaToday/status/1267494406812098560,False,,1,,,,,,,"[{'user_id': '19897138', 'username': 'IndiaToday'}, {'user_id': '128859412', 'username': 'manogyaloiwal'}]",,,,
1267485707427295233,1267485707427295233,1591027116000,2020-06-01,08:58:36,PDT,1053102422,shubha_reloaded,Shubhankar C,,"#Unlock1 #unlockone #COVID19India #Kolkata too much chaos, confusion, crowd and crisis on the first day of unlock 1.0.. lack of transports, confused crowds and high transport cost makes a mess of everything..",[],[],[],0,0,0,"['#unlock1', '#unlockone', '#covid19india', '#kolkata']",[],https://twitter.com/shubha_reloaded/status/1267485707427295233,False,,0,,,,,,,"[{'user_id': '1053102422', 'username': 'shubha_reloaded'}]",,,,
1267481852396343300,1267481852396343300,1591026196000,2020-06-01,08:43:16,PDT,1242185586527494144,bycs_kolkata,"'Bicycle Mayor' of Kolkata, India - Satanjib Gupta",,"üö≤ Please #support the #cause for a #GreenRecovery during#AfterLockDown  & #Unlock1
#LiftCycleBan & #RemoveNoCyclingBoards from #Kolkata
#June3WorldBicycleDay
#ResetIndiaWithCycling
@PTI_News https://twitter.com/BYCS_Kolkata/status/1266384708046331904¬†‚Ä¶",['pti_news'],['https://twitter.com/BYCS_Kolkata/status/1266384708046331904'],[],0,0,1,"['#support', '#cause', '#greenrecovery', '#unlock1', '#liftcycleban', '#removenocyclingboards', '#kolkata', '#june3worldbicycleday', '#resetindiawithcycling']",[],https://twitter.com/BYCS_Kolkata/status/1267481852396343300,False,https://twitter.com/BYCS_Kolkata/status/1266384708046331904,0,,,,,,,"[{'user_id': '1242185586527494144', 'username': 'BYCS_Kolkata'}, {'user_id': '245687754', 'username': 'PTI_News'}]",,,,
1267458364864372737,1267458364864372737,1591020597000,2020-06-01,07:09:57,PDT,413721959,anjanilahoty,Anjani Lahoty,,#kolkata #Unlock1 scenes in Canning street at 10pm today @rahulkanwal @anjanaomkashyap @Suhelseth @sambitswaraj . Social distancing at a toss pic.twitter.com/29X09T2pJE,"['rahulkanwal', 'anjanaomkashyap', 'suhelseth', 'sambitswaraj']",[],"['https://pbs.twimg.com/media/EZbqqbhX0AEUDJC.jpg', 'https://pbs.twimg.com/media/EZbqqbfWAAIjgY6.jpg', 'https://pbs.twimg.com/media/EZbqqc5XYAczJTv.jpg']",0,0,0,"['#kolkata', '#unlock1']",[],https://twitter.com/AnjaniLahoty/status/1267458364864372737,False,,0,,,,,,,"[{'user_id': '413721959', 'username': 'AnjaniLahoty'}, {'user_id': '75509967', 'username': 'rahulkanwal'}, {'user_id': '101215084', 'username': 'anjanaomkashyap'}, {'user_id': '37168231', 'username': 'Suhelseth'}, {'user_id': '1368737382', 'username': 'sambitswaraj'}]",,,,
1267446189173035009,1267446189173035009,1591017694000,2020-06-01,06:21:34,PDT,31347214,kausshaljain,Kausshal Dugarr,,"Bagree Market, #Kolkata.

1st June, 2020.
#Unlock1
#coronavirusinindia pic.twitter.com/m2DYxlZRkR",[],[],"['https://pbs.twimg.com/media/EZbflIWUYAAf64f.jpg', 'https://pbs.twimg.com/media/EZbflloU0AA7ajE.jpg']",1,2,3,"['#kolkata', '#unlock1', '#coronavirusinindia']",[],https://twitter.com/KausshalJain/status/1267446189173035009,False,,0,,,,,,,"[{'user_id': '31347214', 'username': 'KausshalJain'}]",,,,
1267439681970425856,1267439681970425856,1591016142000,2020-06-01,05:55:42,PDT,2697906042,vineetaatwork,Vineeta,,"This is #Unlock1 in #Kolkata . Social distancing,  2 gaaj doori everything successfully failing . How can we even talk about south Korean model . Pic via WhatsApp  pic.twitter.com/jyTFy102VD",[],[],['https://pbs.twimg.com/media/EZbZqh3XkAEv-K4.jpg'],3,0,3,"['#unlock1', '#kolkata']",[],https://twitter.com/vineetaatwork/status/1267439681970425856,False,,0,,,,,,,"[{'user_id': '2697906042', 'username': 'vineetaatwork'}]",,,,
1267427543394783235,1267427543394783235,1591013248000,2020-06-01,05:07:28,PDT,959769268693843968,apt_advantage,Applied Professional Training,,"Lockdown blues: Online practical session - Keep the spirit and keep it high! Only with Applied Professional Training Institute Kolkata.
.
.
.
.
#unlock1 #lockdown #lockdownblues #onlinetraining #airhostessjobs‚Ä¶  https://www.instagram.com/p/CA5FLaPngVt/?igshid=1ldx813mfk89q¬†‚Ä¶",[],['https://www.instagram.com/p/CA5FLaPngVt/?igshid=1ldx813mfk89q'],[],0,0,0,"['#unlock1', '#lockdown', '#lockdownblues', '#onlinetraining', '#airhostessjobs']",[],https://twitter.com/apt_advantage/status/1267427543394783235,False,,0,,,,,,,"[{'user_id': '959769268693843968', 'username': 'apt_advantage'}]",,,,
1267393724201369600,1267393724201369600,1591005185000,2020-06-01,02:53:05,PDT,42606652,aajtak,AajTak,,"‡§ú‡§æ‡§®‡•á‡§Ç ‡§Ö‡§®‡§≤‡•â‡§ï-1 ‡§ï‡•á ‡§™‡§π‡§≤‡•á ‡§¶‡§ø‡§® ‡§ï‡•ç‡§Ø‡§æ ‡§π‡•à ‡§¶‡•á‡§∂ ‡§ï‡§æ ‡§π‡§æ‡§≤ 
#Unlock1 #Kolkata #Jaipur https://aajtak.intoday.in/story/unlock-1-in-west-bengal-karnataka-rajasthan-lockdown-corona-virus-covid-19-1-1196425.html¬†‚Ä¶",[],['https://aajtak.intoday.in/story/unlock-1-in-west-bengal-karnataka-rajasthan-lockdown-corona-virus-covid-19-1-1196425.html'],[],6,8,111,"['#unlock1', '#kolkata', '#jaipur']",[],https://twitter.com/aajtak/status/1267393724201369600,False,,0,,,,,,,"[{'user_id': '42606652', 'username': 'aajtak'}]",,,,
1267389389669359616,1267389389669359616,1591004152000,2020-06-01,02:35:52,PDT,163139773,bharatj82,Bharat jhunjhunwala üáÆüá≥,,"#Unlock1 Kolkata business as usual. Traffic Jams! Social Distancing gone for a toss! Even seeing puchka walas on street! People flocking on buses & autos. All hawkers are on.... Seems the virus is all gone. God Save All!!
#Lockdown5
#cronavirus
#IndiaFightsCorona
#GodSaveIndia",[],[],[],2,4,13,"['#unlock1', '#lockdown5', '#cronavirus', '#indiafightscorona', '#godsaveindia']",[],https://twitter.com/BharatJ82/status/1267389389669359616,False,,0,,,,,,,"[{'user_id': '163139773', 'username': 'BharatJ82'}]",,,,
1267375669454880769,1267375669454880769,1591000880000,2020-06-01,01:41:20,PDT,594676291,abpanandatv,ABP Ananda,,"#Unlock1 #unlockone #Kolkata

‡¶ï‡ßá‡¶â ‡¶Æ‡¶æ‡¶∏‡ßç‡¶ï ‡¶™‡¶∞‡¶õ‡ßá ‡¶ï‡ßç‡¶Ø‡¶æ‡¶Æ‡ßá‡¶∞‡¶æ ‡¶¶‡ßá‡¶ñ‡ßá, ‡¶ï‡ßá‡¶â ‡¶™‡¶ø‡¶™‡¶ø‡¶á ‡¶™‡¶∞‡ßá ‡¶∞‡¶æ‡¶∏‡ßç‡¶§‡¶æ‡¶Ø‡¶º ! ‡¶Ü‡¶®‡¶≤‡¶ï ‡¶ì‡¶Ø‡¶º‡¶æ‡¶®‡ßá ‡¶∂‡¶π‡¶∞‡ßá‡¶∞ ‡¶ö‡¶Æ‡¶ï‡ßá ‡¶¶‡ßá‡¶ì‡¶Ø‡¶º‡¶æ ‡¶õ‡¶¨‡¶ø

 https://bengali.abplive.com/photos/unlock-one-amid-corona-panic-bizarre-photos-of-kolkata-700299¬†‚Ä¶",[],['https://bengali.abplive.com/photos/unlock-one-amid-corona-panic-bizarre-photos-of-kolkata-700299'],[],4,4,35,"['#unlock1', '#unlockone', '#kolkata']",[],https://twitter.com/abpanandatv/status/1267375669454880769,False,,0,,,,,,,"[{'user_id': '594676291', 'username': 'abpanandatv'}]",,,,
1267371294611460096,1267371294611460096,1590999837000,2020-06-01,01:23:57,PDT,1113747196099399680,thefirstindia,First India,,"#WestBengal | People offer prayers at #Church Of Our Lady Of Dolours in #Kolkata after state government allowed all religious places to open from today. 

#Unlock1 #COVID19 #coronavirus #Unlock pic.twitter.com/HZM0fMgamw",[],[],"['https://pbs.twimg.com/media/EZabVMjX0AA4OgZ.jpg', 'https://pbs.twimg.com/media/EZabVsvXgAA97Z8.jpg', 'https://pbs.twimg.com/media/EZabWIfXYAIqgCf.jpg', 'https://pbs.twimg.com/media/EZabWnKWsAEnLj-.jpg']",0,0,1,"['#westbengal', '#church', '#kolkata', '#unlock1', '#covid19', '#coronavirus', '#unlock']",[],https://twitter.com/thefirstindia/status/1267371294611460096,False,,0,,,,,,,"[{'user_id': '1113747196099399680', 'username': 'thefirstindia'}]",,,,
1267324534899609601,1267324534899609601,1590988689000,2020-05-31,22:18:09,PDT,1509442818,guwahatiplus,G Plus,,"After a gap of two months, Air India resumed its air services to Kolkata-#Guwahati-Lilabari route. 
#Assam @airindiain #lockdown5 #Unlock1 @prnerghy https://www.guwahatiplus.com/daily-news/air-india-resumes-kolkata-guwahati-lilabari-service¬†‚Ä¶","['airindiain', 'prnerghy']",['https://www.guwahatiplus.com/daily-news/air-india-resumes-kolkata-guwahati-lilabari-service'],[],0,2,24,"['#guwahati', '#assam', '#lockdown5', '#unlock1']",[],https://twitter.com/guwahatiplus/status/1267324534899609601,False,,0,,,,,,,"[{'user_id': '1509442818', 'username': 'guwahatiplus'}, {'user_id': '387573617', 'username': 'airindiain'}, {'user_id': '769959382398464000', 'username': 'prnerghy'}]",,,,
1267315092728745986,1267315092728745986,1590986438000,2020-05-31,21:40:38,PDT,3106609956,news18bengali,News18Bangla,,"‡¶Ü‡¶ú, ‡¶∏‡ßã‡¶Æ‡¶¨‡¶æ‡¶∞ ‡¶•‡ßá‡¶ï‡ßá ‡¶ö‡¶æ‡¶≤‡ßÅ ‡¶π‡¶≤ ‡¶´‡ßá‡¶∞‡¶ø ‡¶™‡¶∞‡¶ø‡¶∑‡ßá‡¶¨‡¶æ ‡ß∑ ‡¶Æ‡ßã‡¶ü ‡¶Ü‡¶∏‡¶®‡ßá‡¶∞ ‡¶ï‡¶§ ‡¶∂‡¶§‡¶æ‡¶Ç‡¶∂ ‡¶Ø‡¶æ‡¶§‡ßç‡¶∞‡ßÄ ‡¶®‡¶ø‡¶Ø‡¶º‡ßá ‡¶´‡ßá‡¶∞‡¶ø ‡¶ö‡¶≤‡¶æ‡¶ö‡¶≤ ‡¶π‡¶ö‡ßç‡¶õ‡ßá, ‡¶¶‡ßá‡¶ñ‡ßá ‡¶®‡¶ø‡¶® ‡ß∑ #Unlock1 #FerryService #Kolkata
 https://bengali.news18.com/news/coronavirus-latest-news/ferry-service-starts-in-kolkata-from-monday-on-wards-ss-456720.html¬†‚Ä¶",[],['https://bengali.news18.com/news/coronavirus-latest-news/ferry-service-starts-in-kolkata-from-monday-on-wards-ss-456720.html'],[],3,2,39,"['#unlock1', '#ferryservice', '#kolkata']",[],https://twitter.com/News18Bengali/status/1267315092728745986,False,,0,,,,,,,"[{'user_id': '3106609956', 'username': 'News18Bengali'}]",,,,
1267300286000963586,1267300286000963586,1590982908000,2020-05-31,20:41:48,PDT,1074554990147055616,greenplanetmag1,Green Planet News (www.greenplanetmagazine.in),,"#Unlock1 | Large temples in Kolkata to not open today, churches to open at 10 am, mosques at 11:30 am.",[],[],[],0,0,0,['#unlock1'],[],https://twitter.com/GreenPlanetMag1/status/1267300286000963586,False,,0,,,,,,,"[{'user_id': '1074554990147055616', 'username': 'GreenPlanetMag1'}]",,,,
1267300044027248640,1267300044027248640,1590982850000,2020-05-31,20:40:50,PDT,37034483,ndtv,NDTV,,"#Unlock1 | Large temples in Kolkata to not open today, churches to open at 10 am, mosques at 11:30 am.",[],[],[],54,77,1088,['#unlock1'],[],https://twitter.com/ndtv/status/1267300044027248640,False,,0,,,,,,,"[{'user_id': '37034483', 'username': 'ndtv'}]",,,,
1267194974954815488,1267194974954815488,1590957800000,2020-05-31,13:43:20,PDT,160865093,iamsagarshah21,#FightAgainstCOVID19 #AtmaNirbhar Sagar Shah,,"Corona infected Top 20 cities
MUM 39686
DEL 19844
CHEN 14799
AMD 12180
Thane 9585
Pune 7919
Indore 3486
Kolkata 2125
Jaipur 1991
Surat 1620
Jodhpur 1530
Aurangabad 1501
Bhopal 1467
HYD 1461
Chengalpattu 1172
Nashik 1135
Raigad 1108
Vadodara 1057
Howrah 1029
Palghar 1018

#Unlock1",[],[],[],0,2,3,['#unlock1'],[],https://twitter.com/iamsagarshah21/status/1267194974954815488,False,,0,,,,,,,"[{'user_id': '160865093', 'username': 'iamsagarshah21'}]",,,,
1267161044444524544,1267161044444524544,1590949710000,2020-05-31,11:28:30,PDT,1263158034903134208,niftynews2,Nifty News,,"NIFTY PLAN - 1st JUNE. Link below. #nifty #nifty50 #banknifty #NiftyBank #Niftyfutures #sensex #nse #bse #Delhi #Mumbai #Maharashtra #Gujarat #Ahmedabad #Chennai #TamilNadu #Kolkata #Bangalore #Karnataka #Unlock1
 https://youtu.be/-h_s49mCg5s¬†",[],['https://youtu.be/-h_s49mCg5s'],[],1,0,1,"['#nifty', '#nifty50', '#banknifty', '#niftybank', '#niftyfutures', '#sensex', '#nse', '#bse', '#delhi', '#mumbai', '#maharashtra', '#gujarat', '#ahmedabad', '#chennai', '#tamilnadu', '#kolkata', '#bangalore', '#karnataka', '#unlock1']",[],https://twitter.com/NiftyNews2/status/1267161044444524544,False,,0,,,,,,,"[{'user_id': '1263158034903134208', 'username': 'NiftyNews2'}]",,,,
1267097146953588736,1267097146953588736,1590934476000,2020-05-31,07:14:36,PDT,1215636367738146817,thiest_sanju,‡§Ö‡§®‡•ã‡§®‡•Ä‡§Æ‡§∏üòò ‚ô•,,"Meanwhile in kolkata  

Where the hell cops were  gone 

#Unlock1
@ArjunsinghWB
@me_locket
@DilipGhoshBJP pic.twitter.com/SH4hPG8cSG","['arjunsinghwb', 'me_locket', 'dilipghoshbjp']",[],['https://pbs.twimg.com/media/EZWiI5YXYAMcZ48.jpg'],0,0,0,['#unlock1'],[],https://twitter.com/THIEST_SANJU/status/1267097146953588736,False,,0,,,,,,,"[{'user_id': '1215636367738146817', 'username': 'THIEST_SANJU'}, {'user_id': '1111872737646006272', 'username': 'ArjunsinghWB'}, {'user_id': '706925473', 'username': 'me_locket'}, {'user_id': '4743651972', 'username': 'DilipGhoshBJP'}]",,,,
1267015886029967361,1267015886029967361,1590915101000,2020-05-31,01:51:41,PDT,1247710026598400002,khoborwalatv,Khoborwala Tv,,"#Breaking: ‡¶ï‡¶Æ‡¶ø‡¶ü‡¶ø ‡¶ï‡¶∞‡ßÅ‡¶ï ‡¶∏‡¶∞‡¶ï‡¶æ‡¶∞, ‡¶≠‡¶∞‡ßç‡¶§‡ßÅ‡¶ï‡¶ø ‡¶¶‡¶ø‡¶ï, ‡¶§‡¶æ‡¶∞‡¶™‡¶∞ ‡¶¨‡¶æ‡¶ï‡¶ø ‡¶∏‡¶ø‡¶¶‡ßç‡¶ß‡¶æ‡¶®‡ßç‡¶§ ‡¶®‡ßá‡¶¨‡ßá ‡¶¨‡¶æ‡¶∏-‡¶Æ‡¶ø‡¶®‡¶ø‡¶¨‡¶æ‡¶∏ ‡¶∏‡¶Ç‡¶ó‡¶†‡¶®, ‡¶ú‡¶æ‡¶®‡¶æ‡¶≤‡ßá‡¶® ‡¶ï‡ßã-‡¶Ö‡¶∞‡ßç‡¶°‡¶ø‡¶®‡ßá‡¶∂‡¶® ‡¶ï‡¶Æ‡¶ø‡¶ü‡¶ø‡¶∞ ‡¶®‡ßá‡¶§‡¶æ‡¶∞‡¶æ‡•§
 #WestBengal #Bus #Minibus #Kolkata #Unlock #unlocked #unlock1 #NewGuidelines #coronapandemic #TransportRegulations #Transport pic.twitter.com/fZqeoh0GS3",[],[],['https://pbs.twimg.com/media/EZVYOgOXkAEoI1p.jpg'],0,1,2,"['#breaking', '#westbengal', '#bus', '#minibus', '#kolkata', '#unlock', '#unlocked', '#unlock1', '#newguidelines', '#coronapandemic', '#transportregulations', '#transport']",[],https://twitter.com/khoborwalatv/status/1267015886029967361,False,,0,,,,,,,"[{'user_id': '1247710026598400002', 'username': 'khoborwalatv'}]",,,,
1266985386003365889,1266985386003365889,1590907830000,2020-05-30,23:50:30,PDT,1113747196099399680,thefirstindia,First India,,"#Chhattisgarh | 7 persons were injured after the bus they were travelling in overturned in Rajnandgaon, last night. The bus that was carrying around 37 passengers including migrant workers was enroute to Kolkata from Mumbai.

#Accident #Lockdown #MigrantWorkers #Unlock1  pic.twitter.com/epgKvwe7y5",[],[],"['https://pbs.twimg.com/media/EZU8eorWsAAwteS.jpg', 'https://pbs.twimg.com/media/EZU8fLUXQAAuOXo.jpg']",0,0,1,"['#chhattisgarh', '#accident', '#lockdown', '#migrantworkers', '#unlock1']",[],https://twitter.com/thefirstindia/status/1266985386003365889,False,,0,,,,,,,"[{'user_id': '1113747196099399680', 'username': 'thefirstindia'}]",,,,
1266978015873032193,1266978015873032193,1590906072000,2020-05-30,23:21:12,PDT,1068581555625291781,shadowphotogra7,Shadow Photography,,"UNLOCK 1.0  is in Action.
.
#Unlock1 #unlockone #kolkata  pic.twitter.com/LLBCll3DF7",[],[],"['https://pbs.twimg.com/media/EZU1pGZUwAEGPIA.jpg', 'https://pbs.twimg.com/media/EZU1qd7U0AEn2vs.jpg', 'https://pbs.twimg.com/media/EZU1tFSUEAAQ8_h.jpg', 'https://pbs.twimg.com/media/EZU1vwVUEAEg1Vz.jpg']",0,1,1,"['#unlock1', '#unlockone', '#kolkata']",[],https://twitter.com/ShadowPhotogra7/status/1266978015873032193,False,,0,,,,,,,"[{'user_id': '1068581555625291781', 'username': 'ShadowPhotogra7'}]",,,,
1266810241649463297,1266810241649463297,1590866072000,2020-05-30,12:14:32,PDT,2850841545,ashafuddoula199,ASHAFUDDOULA,,"1.This is how current conditions in kolkata #unlockone 
could hear the musics loud and clear #Lockdown5
#Unlock1 #Lockdown5 pic.twitter.com/lZx5VRYa8a",[],[],"['https://pbs.twimg.com/media/EZSdKe1U4AAFclA.jpg', 'https://pbs.twimg.com/media/EZSdMyYUwAAETlP.jpg']",0,1,2,"['#unlockone', '#lockdown5', '#unlock1', '#lockdown5']",[],https://twitter.com/ashafuddoula199/status/1266810241649463297,False,,0,,,,,,,"[{'user_id': '2850841545', 'username': 'ashafuddoula199'}]",,,,
1266773064961806336,1266773064961806336,1590857208000,2020-05-30,09:46:48,PDT,828841083257778176,latestly,LatestLY,,"#Lockdown5: #Shops Selling Non-Essential Items to Reopen in 46 Markets of #Kolkata Municipal Corporation from #June 1
#Unlock1 #unlockone https://www.latestly.com/agency-news/india-news-shops-selling-non-essential-items-to-reopen-in-46-kmc-markets-from-june-1-1789849.html¬†‚Ä¶",[],['https://www.latestly.com/agency-news/india-news-shops-selling-non-essential-items-to-reopen-in-46-kmc-markets-from-june-1-1789849.html'],[],0,0,1,"['#lockdown5', '#shops', '#kolkata', '#june', '#unlock1', '#unlockone']",[],https://twitter.com/latestly/status/1266773064961806336,False,,0,,,,,,,"[{'user_id': '828841083257778176', 'username': 'latestly'}]",,,,
1266728051561373696,1266728051561373696,1590846476000,2020-05-30,06:47:56,PDT,1242185586527494144,bycs_kolkata,"'Bicycle Mayor' of Kolkata, India - Satanjib Gupta",,"‡¶Æ‡¶æ‡¶®‡ßÅ‡¶∑ ‡¶∏‡¶Ç‡¶ï‡ßç‡¶∞‡¶Æ‡¶£ ‡¶è‡¶°‡¶º‡¶æ‡¶§‡ßá ‡¶∏‡¶æ‡¶á‡¶ï‡ßá‡¶≤ ‡¶¨‡ßá‡¶õ‡ßá ‡¶®‡¶ø‡¶ö‡ßç‡¶õ‡ßá‡¶® ‡¶ï‡¶≤‡¶ï‡¶æ‡¶§‡¶æ‡¶Ø‡¶º‡•§ ‡¶™‡ßÉ‡¶•‡¶ï ‡¶≤‡ßá‡¶® ‡¶ö‡¶ø‡¶π‡ßç‡¶®‡¶ø‡¶§ ‡¶ï‡¶∞‡ßá ‡¶∏‡¶æ‡¶á‡¶ï‡ßá‡¶≤ ‡¶¨‡ßç‡¶Ø‡¶¨‡¶π‡¶æ‡¶∞‡ßá ‡¶â‡ßé‡¶∏‡¶æ‡¶π ‡¶¶‡¶ø‡¶ï ‡¶∏‡¶∞‡¶ï‡¶æ‡¶∞‡•§ ‡¶∏‡¶æ‡¶á‡¶ï‡ßá‡¶≤ ‡¶∏‡¶π‡¶ú, ‡¶∏‡¶æ‡¶∂‡ßç‡¶∞‡¶Ø‡¶º‡¶ï‡¶æ‡¶∞‡ßÄ, ‡¶¶‡ßÅ‡¶∑‡¶£‡¶¨‡¶ø‡¶π‡ßÄ‡¶® ‡¶Ø‡¶æ‡¶®‡•§
‡¶Ü‡¶Æ‡¶æ‡¶¶‡ßá‡¶∞ ‡¶™‡¶∞‡¶ø‡¶¨‡¶π‡¶® ‡¶¨‡ßç‡¶Ø‡¶¨‡¶∏‡ßç‡¶•‡¶æ‡¶Ø‡¶º ‡¶§‡¶æ ‡¶Ö‡¶ó‡ßç‡¶∞‡¶æ‡¶ß‡¶ø‡¶ï‡¶æ‡¶∞ ‡¶™‡¶æ‡¶ï‡•§ ‡¶∏‡¶æ‡¶∞‡¶æ ‡¶™‡ßÉ‡¶•‡¶ø‡¶¨‡ßÄ ‡¶è‡¶á ‡¶™‡¶•‡ßá ‡¶π‡¶æ‡¶Å‡¶ü‡¶õ‡ßá #afterlockdown #unlock1
@MamataOfficial https://twitter.com/cyclesamajkol/status/1186997180621475840¬†‚Ä¶",['mamataofficial'],['https://twitter.com/cyclesamajkol/status/1186997180621475840'],[],0,0,1,"['#afterlockdown', '#unlock1']",[],https://twitter.com/BYCS_Kolkata/status/1266728051561373696,False,https://twitter.com/cyclesamajkol/status/1186997180621475840,0,,,,,,,"[{'user_id': '1242185586527494144', 'username': 'BYCS_Kolkata'}, {'user_id': '2526794479', 'username': 'MamataOfficial'}]",,,,
